名称,经度,纬度,高度,创建时间,注解,类型
TrackPt00001,113 18'50.06"E,23 7'18.82"N,1.9,2019.9.17 10:04:03,,默认图标模式
TrackPt00002,113 18'50.09"E,23 7'18.78"N,3.4,2019.9.17 10:04:36,,默认图标模式
TrackPt00003,113 18'50.13"E,23 7'18.79"N,3.6,2019.9.17 10:04:49,,默认图标模式
TrackPt00004,113 18'50.16"E,23 7'18.63"N,4.7,2019.9.17 10:04:54,,默认图标模式
TrackPt00005,113 18'50.09"E,23 7'18.40"N,3.7,2019.9.17 10:05:01,,默认图标模式
TrackPt00006,113 18'50.07"E,23 7'18.31"N,6.7,2019.9.17 10:05:07,,默认图标模式
TrackPt00007,113 18'50.05"E,23 7'18.20"N,13.8,2019.9.17 10:05:29,,默认图标模式
TrackPt00008,113 18'50.18"E,23 7'17.89"N,14.5,2019.9.17 10:05:51,,默认图标模式
TrackPt00009,113 18'50.15"E,23 7'17.85"N,27.5,2019.9.17 10:06:12,,默认图标模式
TrackPt00010,113 18'50.26"E,23 7'18.20"N,55.5,2019.9.17 10:06:42,,默认图标模式
TrackPt00011,113 18'50.29"E,23 7'18.53"N,70.1,2019.9.17 10:07:02,,默认图标模式
TrackPt00012,113 18'49.93"E,23 7'18.52"N,98.4,2019.9.17 10:07:24,,默认图标模式
TrackPt00013,113 18'49.86"E,23 7'18.56"N,106.5,2019.9.17 10:07:37,,默认图标模式
TrackPt00014,113 18'49.63"E,23 7'18.56"N,110.6,2019.9.17 10:08:03,,默认图标模式
TrackPt00015,113 18'49.48"E,23 7'18.49"N,95.4,2019.9.17 10:08:27,,默认图标模式
TrackPt00016,113 18'49.55"E,23 7'18.55"N,95.1,2019.9.17 10:08:35,,默认图标模式
TrackPt00017,113 18'49.58"E,23 7'18.50"N,98.9,2019.9.17 10:08:57,,默认图标模式
TrackPt00018,113 18'49.79"E,23 7'18.39"N,71.4,2019.9.17 10:09:40,,默认图标模式
TrackPt00019,113 18'49.82"E,23 7'18.44"N,83.2,2019.9.17 10:10:54,,默认图标模式
TrackPt00020,113 18'49.58"E,23 7'18.32"N,79.2,2019.9.17 10:10:57,,默认图标模式
TrackPt00021,113 18'49.41"E,23 7'18.39"N,70,2019.9.17 10:11:00,,默认图标模式
TrackPt00022,113 18'49.08"E,23 7'18.53"N,66.3,2019.9.17 10:11:03,,默认图标模式
TrackPt00023,113 18'48.62"E,23 7'18.60"N,63.6,2019.9.17 10:11:08,,默认图标模式
TrackPt00024,113 18'48.49"E,23 7'18.67"N,60.6,2019.9.17 10:11:14,,默认图标模式
TrackPt00025,113 18'48.60"E,23 7'18.52"N,58,2019.9.17 10:11:19,,默认图标模式
TrackPt00026,113 18'48.85"E,23 7'18.52"N,56.5,2019.9.17 10:11:22,,默认图标模式
TrackPt00027,113 18'49.34"E,23 7'18.48"N,54.4,2019.9.17 10:11:25,,默认图标模式
TrackPt00028,113 18'49.95"E,23 7'18.40"N,53.5,2019.9.17 10:11:28,,默认图标模式
TrackPt00029,113 18'50.71"E,23 7'18.43"N,50.1,2019.9.17 10:11:31,,默认图标模式
TrackPt00030,113 18'51.61"E,23 7'18.45"N,48.8,2019.9.17 10:11:34,,默认图标模式
TrackPt00031,113 18'51.90"E,23 7'18.45"N,48.9,2019.9.17 10:11:35,,默认图标模式
TrackPt00032,113 18'52.19"E,23 7'18.45"N,48.3,2019.9.17 10:11:36,,默认图标模式
TrackPt00033,113 18'52.53"E,23 7'18.47"N,46.7,2019.9.17 10:11:37,,默认图标模式
TrackPt00034,113 18'52.88"E,23 7'18.50"N,45.2,2019.9.17 10:11:38,,默认图标模式
TrackPt00035,113 18'53.24"E,23 7'18.52"N,44.7,2019.9.17 10:11:39,,默认图标模式
TrackPt00036,113 18'53.58"E,23 7'18.52"N,44.1,2019.9.17 10:11:40,,默认图标模式
TrackPt00037,113 18'54.40"E,23 7'18.50"N,44.3,2019.9.17 10:11:43,,默认图标模式
TrackPt00038,113 18'54.92"E,23 7'18.45"N,41.6,2019.9.17 10:11:46,,默认图标模式
TrackPt00039,113 18'55.35"E,23 7'18.64"N,40.8,2019.9.17 10:11:50,,默认图标模式
TrackPt00040,113 18'55.50"E,23 7'18.82"N,29.8,2019.9.17 10:12:16,,默认图标模式
TrackPt00041,113 18'55.85"E,23 7'18.80"N,28.8,2019.9.17 10:12:19,,默认图标模式
TrackPt00042,113 18'56.49"E,23 7'18.79"N,28.1,2019.9.17 10:12:22,,默认图标模式
TrackPt00043,113 18'57.17"E,23 7'18.76"N,26.7,2019.9.17 10:12:25,,默认图标模式
TrackPt00044,113 18'57.70"E,23 7'18.73"N,26.4,2019.9.17 10:12:27,,默认图标模式
TrackPt00045,113 18'58.02"E,23 7'18.71"N,25.6,2019.9.17 10:12:28,,默认图标模式
TrackPt00046,113 18'58.36"E,23 7'18.69"N,24.1,2019.9.17 10:12:29,,默认图标模式
TrackPt00047,113 18'58.70"E,23 7'18.66"N,23.1,2019.9.17 10:12:30,,默认图标模式
TrackPt00048,113 18'59.07"E,23 7'18.63"N,22.5,2019.9.17 10:12:31,,默认图标模式
TrackPt00049,113 18'59.45"E,23 7'18.60"N,21.9,2019.9.17 10:12:32,,默认图标模式
TrackPt00050,113 18'59.83"E,23 7'18.57"N,21.1,2019.9.17 10:12:33,,默认图标模式
TrackPt00051,113 19'0.23"E,23 7'18.54"N,20.2,2019.9.17 10:12:34,,默认图标模式
TrackPt00052,113 19'0.64"E,23 7'18.51"N,19.5,2019.9.17 10:12:35,,默认图标模式
TrackPt00053,113 19'0.99"E,23 7'18.37"N,18.6,2019.9.17 10:12:36,,默认图标模式
TrackPt00054,113 19'1.38"E,23 7'18.28"N,18.2,2019.9.17 10:12:37,,默认图标模式
TrackPt00055,113 19'1.81"E,23 7'18.24"N,16.9,2019.9.17 10:12:38,,默认图标模式
TrackPt00056,113 19'2.25"E,23 7'18.20"N,15.9,2019.9.17 10:12:39,,默认图标模式
TrackPt00057,113 19'2.69"E,23 7'18.15"N,15.1,2019.9.17 10:12:40,,默认图标模式
TrackPt00058,113 19'3.13"E,23 7'18.10"N,14.5,2019.9.17 10:12:41,,默认图标模式
TrackPt00059,113 19'3.55"E,23 7'18.07"N,14.3,2019.9.17 10:12:42,,默认图标模式
TrackPt00060,113 19'3.99"E,23 7'18.03"N,14.1,2019.9.17 10:12:43,,默认图标模式
TrackPt00061,113 19'4.40"E,23 7'18.00"N,14,2019.9.17 10:12:44,,默认图标模式
TrackPt00062,113 19'15.80"E,23 7'19.36"N,13.9,2019.9.17 10:13:07,,默认图标模式
TrackPt00063,113 19'16.18"E,23 7'18.51"N,25.3,2019.9.17 10:13:08,,默认图标模式
TrackPt00064,113 19'16.61"E,23 7'18.24"N,26.7,2019.9.17 10:13:09,,默认图标模式
TrackPt00065,113 19'16.97"E,23 7'18.08"N,27.6,2019.9.17 10:13:10,,默认图标模式
TrackPt00066,113 19'17.33"E,23 7'17.91"N,29.6,2019.9.17 10:13:11,,默认图标模式
TrackPt00067,113 19'17.63"E,23 7'17.58"N,29.6,2019.9.17 10:13:12,,默认图标模式
TrackPt00068,113 19'17.93"E,23 7'17.47"N,29.1,2019.9.17 10:13:13,,默认图标模式
TrackPt00069,113 19'18.32"E,23 7'17.50"N,29.9,2019.9.17 10:13:14,,默认图标模式
TrackPt00070,113 19'18.69"E,23 7'17.55"N,30.7,2019.9.17 10:13:15,,默认图标模式
TrackPt00071,113 19'19.11"E,23 7'17.58"N,30.1,2019.9.17 10:13:16,,默认图标模式
TrackPt00072,113 19'19.49"E,23 7'17.59"N,27,2019.9.17 10:13:17,,默认图标模式
TrackPt00073,113 19'19.83"E,23 7'17.58"N,25.2,2019.9.17 10:13:18,,默认图标模式
TrackPt00074,113 19'20.15"E,23 7'17.52"N,24.1,2019.9.17 10:13:19,,默认图标模式
TrackPt00075,113 19'20.94"E,23 7'17.22"N,20.4,2019.9.17 10:13:22,,默认图标模式
TrackPt00076,113 19'21.67"E,23 7'17.03"N,19.8,2019.9.17 10:13:25,,默认图标模式
TrackPt00077,113 19'22.43"E,23 7'16.88"N,20.2,2019.9.17 10:13:28,,默认图标模式
TrackPt00078,113 19'23.17"E,23 7'16.81"N,21,2019.9.17 10:13:31,,默认图标模式
TrackPt00079,113 19'23.81"E,23 7'16.79"N,20.1,2019.9.17 10:13:34,,默认图标模式
TrackPt00080,113 19'24.53"E,23 7'16.76"N,20.2,2019.9.17 10:13:37,,默认图标模式
TrackPt00081,113 19'25.10"E,23 7'16.60"N,18.4,2019.9.17 10:13:40,,默认图标模式
TrackPt00082,113 19'25.65"E,23 7'16.62"N,17,2019.9.17 10:13:43,,默认图标模式
TrackPt00083,113 19'26.02"E,23 7'16.56"N,15.7,2019.9.17 10:13:46,,默认图标模式
TrackPt00084,113 19'26.40"E,23 7'16.49"N,14.3,2019.9.17 10:13:51,,默认图标模式
TrackPt00085,113 19'26.51"E,23 7'16.32"N,12.7,2019.9.17 10:14:00,,默认图标模式
TrackPt00086,113 19'26.70"E,23 7'16.26"N,13.4,2019.9.17 10:14:06,,默认图标模式
TrackPt00087,113 19'26.83"E,23 7'16.24"N,13.6,2019.9.17 10:14:11,,默认图标模式
TrackPt00088,113 19'26.94"E,23 7'16.29"N,16.3,2019.9.17 10:14:26,,默认图标模式
TrackPt00089,113 19'27.25"E,23 7'16.30"N,16.9,2019.9.17 10:14:30,,默认图标模式
TrackPt00090,113 19'27.75"E,23 7'16.24"N,17.3,2019.9.17 10:14:33,,默认图标模式
TrackPt00091,113 19'28.28"E,23 7'16.14"N,19.4,2019.9.17 10:14:36,,默认图标模式
TrackPt00092,113 19'28.85"E,23 7'16.05"N,21,2019.9.17 10:14:39,,默认图标模式
TrackPt00093,113 19'29.43"E,23 7'16.00"N,22.2,2019.9.17 10:14:42,,默认图标模式
TrackPt00094,113 19'30.19"E,23 7'15.94"N,22,2019.9.17 10:14:45,,默认图标模式
TrackPt00095,113 19'31.03"E,23 7'15.89"N,23.3,2019.9.17 10:14:48,,默认图标模式
TrackPt00096,113 19'31.77"E,23 7'15.84"N,22.1,2019.9.17 10:14:51,,默认图标模式
TrackPt00097,113 19'32.43"E,23 7'15.79"N,21.4,2019.9.17 10:14:54,,默认图标模式
TrackPt00098,113 19'32.98"E,23 7'15.75"N,21,2019.9.17 10:14:57,,默认图标模式
TrackPt00099,113 19'33.36"E,23 7'15.74"N,19.1,2019.9.17 10:15:02,,默认图标模式
TrackPt00100,113 19'33.43"E,23 7'15.74"N,18,2019.9.17 10:15:08,,默认图标模式
TrackPt00101,113 19'33.75"E,23 7'15.66"N,18.5,2019.9.17 10:15:13,,默认图标模式
TrackPt00102,113 19'34.15"E,23 7'15.60"N,18.9,2019.9.17 10:15:16,,默认图标模式
TrackPt00103,113 19'34.47"E,23 7'15.56"N,16.3,2019.9.17 10:15:19,,默认图标模式
TrackPt00104,113 19'34.58"E,23 7'15.55"N,13.5,2019.9.17 10:15:24,,默认图标模式
TrackPt00105,113 19'34.67"E,23 7'15.55"N,11,2019.9.17 10:15:32,,默认图标模式
TrackPt00106,113 19'34.97"E,23 7'15.55"N,9.5,2019.9.17 10:15:38,,默认图标模式
TrackPt00107,113 19'35.54"E,23 7'15.51"N,9.4,2019.9.17 10:15:41,,默认图标模式
TrackPt00108,113 19'36.55"E,23 7'15.31"N,10.2,2019.9.17 10:15:46,,默认图标模式
TrackPt00109,113 19'37.14"E,23 7'15.20"N,9.7,2019.9.17 10:15:49,,默认图标模式
TrackPt00110,113 19'37.71"E,23 7'15.11"N,8.8,2019.9.17 10:15:52,,默认图标模式
TrackPt00111,113 19'38.35"E,23 7'15.04"N,8.4,2019.9.17 10:15:55,,默认图标模式
TrackPt00112,113 19'38.93"E,23 7'14.97"N,8.3,2019.9.17 10:15:58,,默认图标模式
TrackPt00113,113 19'39.35"E,23 7'14.90"N,7.5,2019.9.17 10:16:01,,默认图标模式
TrackPt00114,113 19'39.71"E,23 7'14.76"N,6.8,2019.9.17 10:16:06,,默认图标模式
TrackPt00115,113 19'39.98"E,23 7'14.60"N,7.1,2019.9.17 10:16:09,,默认图标模式
TrackPt00116,113 19'40.27"E,23 7'14.33"N,7.5,2019.9.17 10:16:12,,默认图标模式
TrackPt00117,113 19'40.58"E,23 7'13.96"N,7.6,2019.9.17 10:16:15,,默认图标模式
TrackPt00118,113 19'40.76"E,23 7'13.59"N,7.5,2019.9.17 10:16:18,,默认图标模式
TrackPt00119,113 19'40.86"E,23 7'13.23"N,6.9,2019.9.17 10:16:21,,默认图标模式
TrackPt00120,113 19'40.94"E,23 7'12.82"N,6.4,2019.9.17 10:16:24,,默认图标模式
TrackPt00121,113 19'41.00"E,23 7'12.22"N,5.7,2019.9.17 10:16:27,,默认图标模式
TrackPt00122,113 19'41.03"E,23 7'11.43"N,5,2019.9.17 10:16:30,,默认图标模式
TrackPt00123,113 19'41.04"E,23 7'10.62"N,4.5,2019.9.17 10:16:33,,默认图标模式
TrackPt00124,113 19'41.04"E,23 7'9.85"N,4,2019.9.17 10:16:36,,默认图标模式
TrackPt00125,113 19'41.07"E,23 7'9.12"N,3.9,2019.9.17 10:16:39,,默认图标模式
TrackPt00126,113 19'41.20"E,23 7'8.35"N,3.3,2019.9.17 10:16:42,,默认图标模式
TrackPt00127,113 19'41.25"E,23 7'8.07"N,3,2019.9.17 10:16:43,,默认图标模式
TrackPt00128,113 19'41.30"E,23 7'7.79"N,3,2019.9.17 10:16:44,,默认图标模式
TrackPt00129,113 19'41.34"E,23 7'7.52"N,3.2,2019.9.17 10:16:45,,默认图标模式
TrackPt00130,113 19'41.45"E,23 7'6.74"N,3.2,2019.9.17 10:16:48,,默认图标模式
TrackPt00131,113 19'41.49"E,23 7'6.47"N,3.1,2019.9.17 10:16:49,,默认图标模式
TrackPt00132,113 19'41.52"E,23 7'6.20"N,3,2019.9.17 10:16:50,,默认图标模式
TrackPt00133,113 19'41.55"E,23 7'5.91"N,3.1,2019.9.17 10:16:51,,默认图标模式
TrackPt00134,113 19'41.57"E,23 7'5.61"N,3,2019.9.17 10:16:52,,默认图标模式
TrackPt00135,113 19'41.58"E,23 7'5.31"N,2.9,2019.9.17 10:16:53,,默认图标模式
TrackPt00136,113 19'41.60"E,23 7'5.01"N,2.6,2019.9.17 10:16:54,,默认图标模式
TrackPt00137,113 19'41.61"E,23 7'4.69"N,2.5,2019.9.17 10:16:55,,默认图标模式
TrackPt00138,113 19'41.62"E,23 7'4.37"N,2.5,2019.9.17 10:16:56,,默认图标模式
TrackPt00139,113 19'41.63"E,23 7'4.03"N,2.3,2019.9.17 10:16:57,,默认图标模式
TrackPt00140,113 19'41.63"E,23 7'3.67"N,2.1,2019.9.17 10:16:58,,默认图标模式
TrackPt00141,113 19'41.64"E,23 7'3.29"N,1.8,2019.9.17 10:16:59,,默认图标模式
TrackPt00142,113 19'41.65"E,23 7'2.90"N,1.6,2019.9.17 10:17:00,,默认图标模式
TrackPt00143,113 19'41.65"E,23 7'2.48"N,1.1,2019.9.17 10:17:01,,默认图标模式
TrackPt00144,113 19'41.66"E,23 7'2.05"N,0.8,2019.9.17 10:17:02,,默认图标模式
TrackPt00145,113 19'41.68"E,23 7'1.61"N,0.7,2019.9.17 10:17:03,,默认图标模式
TrackPt00146,113 19'41.69"E,23 7'1.16"N,0.7,2019.9.17 10:17:04,,默认图标模式
TrackPt00147,113 19'41.70"E,23 7'0.71"N,1.1,2019.9.17 10:17:05,,默认图标模式
TrackPt00148,113 19'41.72"E,23 7'0.25"N,1.1,2019.9.17 10:17:06,,默认图标模式
TrackPt00149,113 19'41.74"E,23 6'59.80"N,1.3,2019.9.17 10:17:07,,默认图标模式
TrackPt00150,113 19'41.76"E,23 6'59.37"N,1.5,2019.9.17 10:17:08,,默认图标模式
TrackPt00151,113 19'41.78"E,23 6'58.94"N,1.9,2019.9.17 10:17:09,,默认图标模式
TrackPt00152,113 19'41.80"E,23 6'58.53"N,2.3,2019.9.17 10:17:10,,默认图标模式
TrackPt00153,113 19'41.82"E,23 6'58.12"N,2.8,2019.9.17 10:17:11,,默认图标模式
TrackPt00154,113 19'41.84"E,23 6'57.71"N,3.6,2019.9.17 10:17:12,,默认图标模式
TrackPt00155,113 19'41.86"E,23 6'57.31"N,3.6,2019.9.17 10:17:13,,默认图标模式
TrackPt00156,113 19'41.88"E,23 6'56.90"N,4,2019.9.17 10:17:14,,默认图标模式
TrackPt00157,113 19'41.90"E,23 6'56.50"N,4.6,2019.9.17 10:17:15,,默认图标模式
TrackPt00158,113 19'41.92"E,23 6'56.09"N,5.2,2019.9.17 10:17:16,,默认图标模式
TrackPt00159,113 19'41.93"E,23 6'55.67"N,6.8,2019.9.17 10:17:17,,默认图标模式
TrackPt00160,113 19'41.95"E,23 6'55.25"N,6.8,2019.9.17 10:17:18,,默认图标模式
TrackPt00161,113 19'41.97"E,23 6'54.82"N,7.6,2019.9.17 10:17:19,,默认图标模式
TrackPt00162,113 19'41.98"E,23 6'54.40"N,8.3,2019.9.17 10:17:20,,默认图标模式
TrackPt00163,113 19'42.00"E,23 6'53.97"N,9,2019.9.17 10:17:21,,默认图标模式
TrackPt00164,113 19'42.01"E,23 6'53.54"N,10.9,2019.9.17 10:17:22,,默认图标模式
TrackPt00165,113 19'42.04"E,23 6'53.11"N,10.9,2019.9.17 10:17:23,,默认图标模式
TrackPt00166,113 19'42.06"E,23 6'52.69"N,11.4,2019.9.17 10:17:24,,默认图标模式
TrackPt00167,113 19'42.08"E,23 6'52.26"N,12.1,2019.9.17 10:17:25,,默认图标模式
TrackPt00168,113 19'42.10"E,23 6'51.83"N,12.8,2019.9.17 10:17:26,,默认图标模式
TrackPt00169,113 19'42.12"E,23 6'51.39"N,13.4,2019.9.17 10:17:27,,默认图标模式
TrackPt00170,113 19'42.14"E,23 6'50.95"N,13.9,2019.9.17 10:17:28,,默认图标模式
TrackPt00171,113 19'42.16"E,23 6'50.51"N,14.7,2019.9.17 10:17:29,,默认图标模式
TrackPt00172,113 19'42.17"E,23 6'50.07"N,14.7,2019.9.17 10:17:30,,默认图标模式
TrackPt00173,113 19'42.19"E,23 6'49.64"N,15,2019.9.17 10:17:31,,默认图标模式
TrackPt00174,113 19'42.20"E,23 6'49.20"N,15.4,2019.9.17 10:17:32,,默认图标模式
TrackPt00175,113 19'42.21"E,23 6'48.76"N,15.7,2019.9.17 10:17:33,,默认图标模式
TrackPt00176,113 19'42.23"E,23 6'48.34"N,16.1,2019.9.17 10:17:34,,默认图标模式
TrackPt00177,113 19'42.24"E,23 6'47.94"N,16.5,2019.9.17 10:17:35,,默认图标模式
TrackPt00178,113 19'42.26"E,23 6'47.54"N,16.7,2019.9.17 10:17:36,,默认图标模式
TrackPt00179,113 19'42.27"E,23 6'47.14"N,17,2019.9.17 10:17:37,,默认图标模式
TrackPt00180,113 19'42.29"E,23 6'46.73"N,17.5,2019.9.17 10:17:38,,默认图标模式
TrackPt00181,113 19'42.30"E,23 6'46.31"N,17.5,2019.9.17 10:17:39,,默认图标模式
TrackPt00182,113 19'42.31"E,23 6'45.88"N,17.7,2019.9.17 10:17:40,,默认图标模式
TrackPt00183,113 19'42.33"E,23 6'45.45"N,17.8,2019.9.17 10:17:41,,默认图标模式
TrackPt00184,113 19'42.34"E,23 6'45.02"N,18,2019.9.17 10:17:42,,默认图标模式
TrackPt00185,113 19'42.36"E,23 6'44.60"N,18.3,2019.9.17 10:17:43,,默认图标模式
TrackPt00186,113 19'42.37"E,23 6'44.19"N,18.3,2019.9.17 10:17:44,,默认图标模式
TrackPt00187,113 19'42.39"E,23 6'43.79"N,18.2,2019.9.17 10:17:45,,默认图标模式
TrackPt00188,113 19'42.40"E,23 6'43.38"N,18.2,2019.9.17 10:17:46,,默认图标模式
TrackPt00189,113 19'42.42"E,23 6'42.97"N,18.3,2019.9.17 10:17:47,,默认图标模式
TrackPt00190,113 19'42.43"E,23 6'42.54"N,18.1,2019.9.17 10:17:48,,默认图标模式
TrackPt00191,113 19'42.45"E,23 6'42.11"N,18,2019.9.17 10:17:49,,默认图标模式
TrackPt00192,113 19'42.46"E,23 6'41.68"N,17.9,2019.9.17 10:17:50,,默认图标模式
TrackPt00193,113 19'42.47"E,23 6'41.23"N,17.9,2019.9.17 10:17:51,,默认图标模式
TrackPt00194,113 19'42.49"E,23 6'40.78"N,17.8,2019.9.17 10:17:52,,默认图标模式
TrackPt00195,113 19'42.51"E,23 6'40.33"N,17.8,2019.9.17 10:17:53,,默认图标模式
TrackPt00196,113 19'42.52"E,23 6'39.88"N,17.7,2019.9.17 10:17:54,,默认图标模式
TrackPt00197,113 19'42.54"E,23 6'39.44"N,17.6,2019.9.17 10:17:55,,默认图标模式
TrackPt00198,113 19'42.56"E,23 6'39.02"N,17.2,2019.9.17 10:17:56,,默认图标模式
TrackPt00199,113 19'42.57"E,23 6'38.60"N,17,2019.9.17 10:17:57,,默认图标模式
TrackPt00200,113 19'42.59"E,23 6'38.19"N,17,2019.9.17 10:17:58,,默认图标模式
TrackPt00201,113 19'42.60"E,23 6'37.78"N,16.8,2019.9.17 10:17:59,,默认图标模式
TrackPt00202,113 19'42.62"E,23 6'37.36"N,16.7,2019.9.17 10:18:00,,默认图标模式
TrackPt00203,113 19'42.64"E,23 6'36.95"N,16.5,2019.9.17 10:18:01,,默认图标模式
TrackPt00204,113 19'42.66"E,23 6'36.54"N,16.3,2019.9.17 10:18:02,,默认图标模式
TrackPt00205,113 19'42.67"E,23 6'36.14"N,16.1,2019.9.17 10:18:03,,默认图标模式
TrackPt00206,113 19'42.68"E,23 6'35.76"N,15.7,2019.9.17 10:18:04,,默认图标模式
TrackPt00207,113 19'42.70"E,23 6'35.39"N,15.7,2019.9.17 10:18:05,,默认图标模式
TrackPt00208,113 19'42.70"E,23 6'35.03"N,15.5,2019.9.17 10:18:06,,默认图标模式
TrackPt00209,113 19'42.70"E,23 6'34.68"N,15.2,2019.9.17 10:18:07,,默认图标模式
TrackPt00210,113 19'42.69"E,23 6'34.32"N,14.9,2019.9.17 10:18:08,,默认图标模式
TrackPt00211,113 19'42.67"E,23 6'33.97"N,14.8,2019.9.17 10:18:09,,默认图标模式
TrackPt00212,113 19'42.64"E,23 6'33.61"N,14.5,2019.9.17 10:18:10,,默认图标模式
TrackPt00213,113 19'42.61"E,23 6'33.23"N,13.8,2019.9.17 10:18:11,,默认图标模式
TrackPt00214,113 19'42.59"E,23 6'32.84"N,13.8,2019.9.17 10:18:12,,默认图标模式
TrackPt00215,113 19'42.58"E,23 6'32.44"N,13.5,2019.9.17 10:18:13,,默认图标模式
TrackPt00216,113 19'42.57"E,23 6'32.03"N,13.2,2019.9.17 10:18:14,,默认图标模式
TrackPt00217,113 19'42.57"E,23 6'31.62"N,12.8,2019.9.17 10:18:15,,默认图标模式
TrackPt00218,113 19'42.55"E,23 6'31.20"N,12.1,2019.9.17 10:18:16,,默认图标模式
TrackPt00219,113 19'42.53"E,23 6'30.79"N,11.6,2019.9.17 10:18:17,,默认图标模式
TrackPt00220,113 19'42.50"E,23 6'30.36"N,11.1,2019.9.17 10:18:18,,默认图标模式
TrackPt00221,113 19'42.47"E,23 6'29.95"N,10.5,2019.9.17 10:18:19,,默认图标模式
TrackPt00222,113 19'42.43"E,23 6'29.54"N,10.1,2019.9.17 10:18:20,,默认图标模式
TrackPt00223,113 19'42.40"E,23 6'29.13"N,9.6,2019.9.17 10:18:21,,默认图标模式
TrackPt00224,113 19'42.36"E,23 6'28.74"N,9.1,2019.9.17 10:18:22,,默认图标模式
TrackPt00225,113 19'42.33"E,23 6'28.35"N,8.4,2019.9.17 10:18:23,,默认图标模式
TrackPt00226,113 19'42.30"E,23 6'27.96"N,7.8,2019.9.17 10:18:24,,默认图标模式
TrackPt00227,113 19'42.29"E,23 6'27.58"N,7.5,2019.9.17 10:18:25,,默认图标模式
TrackPt00228,113 19'42.30"E,23 6'27.21"N,6.4,2019.9.17 10:18:26,,默认图标模式
TrackPt00229,113 19'42.31"E,23 6'26.84"N,6.4,2019.9.17 10:18:27,,默认图标模式
TrackPt00230,113 19'42.33"E,23 6'26.49"N,5.8,2019.9.17 10:18:28,,默认图标模式
TrackPt00231,113 19'42.35"E,23 6'26.16"N,5.3,2019.9.17 10:18:29,,默认图标模式
TrackPt00232,113 19'42.38"E,23 6'25.85"N,4.8,2019.9.17 10:18:30,,默认图标模式
TrackPt00233,113 19'42.40"E,23 6'25.56"N,4.5,2019.9.17 10:18:31,,默认图标模式
TrackPt00234,113 19'42.43"E,23 6'25.28"N,4.2,2019.9.17 10:18:32,,默认图标模式
TrackPt00235,113 19'42.50"E,23 6'24.59"N,4.2,2019.9.17 10:18:35,,默认图标模式
TrackPt00236,113 19'42.63"E,23 6'23.87"N,5,2019.9.17 10:18:38,,默认图标模式
TrackPt00237,113 19'42.65"E,23 6'23.58"N,5.1,2019.9.17 10:18:39,,默认图标模式
TrackPt00238,113 19'42.68"E,23 6'23.27"N,5.2,2019.9.17 10:18:40,,默认图标模式
TrackPt00239,113 19'42.71"E,23 6'22.94"N,5,2019.9.17 10:18:41,,默认图标模式
TrackPt00240,113 19'42.75"E,23 6'22.61"N,5.3,2019.9.17 10:18:42,,默认图标模式
TrackPt00241,113 19'42.77"E,23 6'22.29"N,5.5,2019.9.17 10:18:43,,默认图标模式
TrackPt00242,113 19'42.79"E,23 6'22.01"N,5.7,2019.9.17 10:18:44,,默认图标模式
TrackPt00243,113 19'42.81"E,23 6'21.34"N,6.8,2019.9.17 10:18:47,,默认图标模式
TrackPt00244,113 19'42.81"E,23 6'20.97"N,7.6,2019.9.17 10:18:50,,默认图标模式
TrackPt00245,113 19'42.80"E,23 6'20.68"N,7.9,2019.9.17 10:18:53,,默认图标模式
TrackPt00246,113 19'42.81"E,23 6'20.35"N,8.3,2019.9.17 10:18:56,,默认图标模式
TrackPt00247,113 19'42.81"E,23 6'19.98"N,7.5,2019.9.17 10:18:59,,默认图标模式
TrackPt00248,113 19'42.86"E,23 6'19.58"N,8.3,2019.9.17 10:19:04,,默认图标模式
TrackPt00249,113 19'42.88"E,23 6'19.45"N,8.6,2019.9.17 10:19:09,,默认图标模式
TrackPt00250,113 19'42.91"E,23 6'19.29"N,9.2,2019.9.17 10:19:14,,默认图标模式
TrackPt00251,113 19'42.95"E,23 6'19.00"N,9.4,2019.9.17 10:19:18,,默认图标模式
TrackPt00252,113 19'43.00"E,23 6'18.65"N,9,2019.9.17 10:19:21,,默认图标模式
TrackPt00253,113 19'43.06"E,23 6'18.23"N,9,2019.9.17 10:19:24,,默认图标模式
TrackPt00254,113 19'43.11"E,23 6'17.76"N,9.3,2019.9.17 10:19:27,,默认图标模式
TrackPt00255,113 19'43.12"E,23 6'17.23"N,8.9,2019.9.17 10:19:30,,默认图标模式
TrackPt00256,113 19'43.07"E,23 6'16.65"N,9.2,2019.9.17 10:19:33,,默认图标模式
TrackPt00257,113 19'42.90"E,23 6'16.09"N,9.2,2019.9.17 10:19:36,,默认图标模式
TrackPt00258,113 19'42.49"E,23 6'15.67"N,9.2,2019.9.17 10:19:39,,默认图标模式
TrackPt00259,113 19'41.81"E,23 6'15.51"N,10.9,2019.9.17 10:19:42,,默认图标模式
TrackPt00260,113 19'41.51"E,23 6'15.51"N,10.9,2019.9.17 10:19:43,,默认图标模式
TrackPt00261,113 19'41.19"E,23 6'15.50"N,10.8,2019.9.17 10:19:44,,默认图标模式
TrackPt00262,113 19'40.84"E,23 6'15.49"N,10.8,2019.9.17 10:19:45,,默认图标模式
TrackPt00263,113 19'40.47"E,23 6'15.47"N,10.7,2019.9.17 10:19:46,,默认图标模式
TrackPt00264,113 19'40.07"E,23 6'15.45"N,10.8,2019.9.17 10:19:47,,默认图标模式
TrackPt00265,113 19'39.68"E,23 6'15.44"N,10.9,2019.9.17 10:19:48,,默认图标模式
TrackPt00266,113 19'39.27"E,23 6'15.43"N,11.3,2019.9.17 10:19:49,,默认图标模式
TrackPt00267,113 19'38.85"E,23 6'15.42"N,11.3,2019.9.17 10:19:50,,默认图标模式
TrackPt00268,113 19'38.44"E,23 6'15.41"N,11.2,2019.9.17 10:19:51,,默认图标模式
TrackPt00269,113 19'38.03"E,23 6'15.42"N,11.1,2019.9.17 10:19:52,,默认图标模式
TrackPt00270,113 19'37.63"E,23 6'15.42"N,10.6,2019.9.17 10:19:53,,默认图标模式
TrackPt00271,113 19'37.22"E,23 6'15.43"N,10.6,2019.9.17 10:19:54,,默认图标模式
TrackPt00272,113 19'36.82"E,23 6'15.44"N,10.3,2019.9.17 10:19:55,,默认图标模式
TrackPt00273,113 19'36.40"E,23 6'15.44"N,9.8,2019.9.17 10:19:56,,默认图标模式
TrackPt00274,113 19'35.98"E,23 6'15.44"N,9.2,2019.9.17 10:19:57,,默认图标模式
TrackPt00275,113 19'35.55"E,23 6'15.45"N,7.9,2019.9.17 10:19:58,,默认图标模式
TrackPt00276,113 19'35.10"E,23 6'15.46"N,7.9,2019.9.17 10:19:59,,默认图标模式
TrackPt00277,113 19'34.63"E,23 6'15.47"N,7.5,2019.9.17 10:20:00,,默认图标模式
TrackPt00278,113 19'34.17"E,23 6'15.50"N,6.9,2019.9.17 10:20:01,,默认图标模式
TrackPt00279,113 19'33.72"E,23 6'15.52"N,6,2019.9.17 10:20:02,,默认图标模式
TrackPt00280,113 19'33.32"E,23 6'15.58"N,3.4,2019.9.17 10:20:03,,默认图标模式
TrackPt00281,113 19'32.93"E,23 6'15.61"N,2,2019.9.17 10:20:04,,默认图标模式
TrackPt00282,113 19'32.56"E,23 6'15.63"N,2.2,2019.9.17 10:20:05,,默认图标模式
TrackPt00283,113 19'32.20"E,23 6'15.61"N,2.2,2019.9.17 10:20:06,,默认图标模式
TrackPt00284,113 19'31.86"E,23 6'15.63"N,2.2,2019.9.17 10:20:07,,默认图标模式
TrackPt00285,113 19'31.53"E,23 6'15.64"N,1.9,2019.9.17 10:20:08,,默认图标模式
TrackPt00286,113 19'31.21"E,23 6'15.64"N,1.6,2019.9.17 10:20:09,,默认图标模式
TrackPt00287,113 19'30.90"E,23 6'15.67"N,1.6,2019.9.17 10:20:10,,默认图标模式
TrackPt00288,113 19'30.28"E,23 6'15.62"N,2.3,2019.9.17 10:20:12,,默认图标模式
TrackPt00289,113 19'29.96"E,23 6'15.61"N,4.4,2019.9.17 10:20:13,,默认图标模式
TrackPt00290,113 19'29.64"E,23 6'15.62"N,4.4,2019.9.17 10:20:14,,默认图标模式
TrackPt00291,113 19'29.30"E,23 6'15.62"N,5.2,2019.9.17 10:20:15,,默认图标模式
TrackPt00292,113 19'28.95"E,23 6'15.62"N,6.2,2019.9.17 10:20:16,,默认图标模式
TrackPt00293,113 19'28.59"E,23 6'15.63"N,7.2,2019.9.17 10:20:17,,默认图标模式
TrackPt00294,113 19'28.22"E,23 6'15.64"N,7.9,2019.9.17 10:20:18,,默认图标模式
TrackPt00295,113 19'27.86"E,23 6'15.64"N,8.5,2019.9.17 10:20:19,,默认图标模式
TrackPt00296,113 19'27.51"E,23 6'15.65"N,9.1,2019.9.17 10:20:20,,默认图标模式
TrackPt00297,113 19'27.17"E,23 6'15.66"N,9.5,2019.9.17 10:20:21,,默认图标模式
TrackPt00298,113 19'26.85"E,23 6'15.67"N,10.2,2019.9.17 10:20:22,,默认图标模式
TrackPt00299,113 19'26.54"E,23 6'15.67"N,10.6,2019.9.17 10:20:23,,默认图标模式
TrackPt00300,113 19'26.24"E,23 6'15.68"N,11.3,2019.9.17 10:20:24,,默认图标模式
TrackPt00301,113 19'25.43"E,23 6'15.69"N,12.6,2019.9.17 10:20:27,,默认图标模式
TrackPt00302,113 19'24.81"E,23 6'15.75"N,13,2019.9.17 10:20:30,,默认图标模式
TrackPt00303,113 19'24.33"E,23 6'15.82"N,13,2019.9.17 10:20:35,,默认图标模式
TrackPt00304,113 19'24.09"E,23 6'15.85"N,12.4,2019.9.17 10:20:40,,默认图标模式
TrackPt00305,113 19'23.78"E,23 6'15.89"N,12.1,2019.9.17 10:20:43,,默认图标模式
TrackPt00306,113 19'23.25"E,23 6'15.98"N,12.4,2019.9.17 10:20:46,,默认图标模式
TrackPt00307,113 19'22.50"E,23 6'16.16"N,11.2,2019.9.17 10:20:49,,默认图标模式
TrackPt00308,113 19'21.74"E,23 6'16.34"N,11.5,2019.9.17 10:20:52,,默认图标模式
TrackPt00309,113 19'20.93"E,23 6'16.51"N,10.9,2019.9.17 10:20:55,,默认图标模式
TrackPt00310,113 19'20.17"E,23 6'16.68"N,10.9,2019.9.17 10:20:58,,默认图标模式
TrackPt00311,113 19'19.44"E,23 6'16.87"N,10.4,2019.9.17 10:21:01,,默认图标模式
TrackPt00312,113 19'18.84"E,23 6'17.05"N,9.8,2019.9.17 10:21:04,,默认图标模式
TrackPt00313,113 19'18.39"E,23 6'17.17"N,8.2,2019.9.17 10:21:07,,默认图标模式
TrackPt00314,113 19'17.93"E,23 6'17.22"N,6.9,2019.9.17 10:21:10,,默认图标模式
TrackPt00315,113 19'17.42"E,23 6'17.28"N,6.5,2019.9.17 10:21:13,,默认图标模式
TrackPt00316,113 19'16.94"E,23 6'17.29"N,6.2,2019.9.17 10:21:16,,默认图标模式
TrackPt00317,113 19'16.53"E,23 6'17.27"N,6.8,2019.9.17 10:21:21,,默认图标模式
TrackPt00318,113 19'15.95"E,23 6'17.19"N,7.3,2019.9.17 10:21:24,,默认图标模式
TrackPt00319,113 19'15.22"E,23 6'17.12"N,7.4,2019.9.17 10:21:27,,默认图标模式
TrackPt00320,113 19'14.62"E,23 6'17.09"N,7.2,2019.9.17 10:21:30,,默认图标模式
TrackPt00321,113 19'14.25"E,23 6'17.06"N,6.8,2019.9.17 10:21:35,,默认图标模式
TrackPt00322,113 19'14.19"E,23 6'17.11"N,6.5,2019.9.17 10:23:13,,默认图标模式
TrackPt00323,113 19'13.74"E,23 6'17.07"N,6.1,2019.9.17 10:23:18,,默认图标模式
TrackPt00324,113 19'13.25"E,23 6'17.02"N,6.2,2019.9.17 10:23:21,,默认图标模式
TrackPt00325,113 19'12.60"E,23 6'16.97"N,6.8,2019.9.17 10:23:24,,默认图标模式
TrackPt00326,113 19'12.06"E,23 6'16.99"N,6.5,2019.9.17 10:23:26,,默认图标模式
TrackPt00327,113 19'11.73"E,23 6'17.01"N,6,2019.9.17 10:23:27,,默认图标模式
TrackPt00328,113 19'10.97"E,23 6'17.09"N,5,2019.9.17 10:23:29,,默认图标模式
TrackPt00329,113 19'10.56"E,23 6'17.15"N,5,2019.9.17 10:23:30,,默认图标模式
TrackPt00330,113 19'10.13"E,23 6'17.21"N,4.8,2019.9.17 10:23:31,,默认图标模式
TrackPt00331,113 19'9.20"E,23 6'17.35"N,5,2019.9.17 10:23:33,,默认图标模式
TrackPt00332,113 19'8.28"E,23 6'17.49"N,5.4,2019.9.17 10:23:35,,默认图标模式
TrackPt00333,113 19'7.82"E,23 6'17.55"N,5.4,2019.9.17 10:23:36,,默认图标模式
TrackPt00334,113 19'7.37"E,23 6'17.60"N,5.6,2019.9.17 10:23:37,,默认图标模式
TrackPt00335,113 19'5.58"E,23 6'17.87"N,4.6,2019.9.17 10:23:41,,默认图标模式
TrackPt00336,113 19'5.12"E,23 6'17.94"N,4.3,2019.9.17 10:23:42,,默认图标模式
TrackPt00337,113 19'4.68"E,23 6'17.99"N,4.3,2019.9.17 10:23:43,,默认图标模式
TrackPt00338,113 19'4.23"E,23 6'18.06"N,3.7,2019.9.17 10:23:44,,默认图标模式
TrackPt00339,113 19'3.77"E,23 6'18.11"N,3.2,2019.9.17 10:23:45,,默认图标模式
TrackPt00340,113 19'3.32"E,23 6'18.16"N,3.2,2019.9.17 10:23:46,,默认图标模式
TrackPt00341,113 19'2.87"E,23 6'18.20"N,2.9,2019.9.17 10:23:47,,默认图标模式
TrackPt00342,113 19'2.42"E,23 6'18.26"N,2.3,2019.9.17 10:23:48,,默认图标模式
TrackPt00343,113 19'1.97"E,23 6'18.33"N,2.3,2019.9.17 10:23:49,,默认图标模式
TrackPt00344,113 19'1.54"E,23 6'18.38"N,1.7,2019.9.17 10:23:50,,默认图标模式
TrackPt00345,113 19'1.09"E,23 6'18.44"N,1.5,2019.9.17 10:23:51,,默认图标模式
TrackPt00346,113 19'0.65"E,23 6'18.51"N,1.3,2019.9.17 10:23:52,,默认图标模式
TrackPt00347,113 19'0.22"E,23 6'18.59"N,1.1,2019.9.17 10:23:53,,默认图标模式
TrackPt00348,113 18'59.79"E,23 6'18.65"N,1.2,2019.9.17 10:23:54,,默认图标模式
TrackPt00349,113 18'59.35"E,23 6'18.71"N,1.6,2019.9.17 10:23:55,,默认图标模式
TrackPt00350,113 18'58.90"E,23 6'18.77"N,1.6,2019.9.17 10:23:56,,默认图标模式
TrackPt00351,113 18'58.00"E,23 6'18.90"N,1.8,2019.9.17 10:23:58,,默认图标模式
TrackPt00352,113 18'57.54"E,23 6'18.96"N,1.8,2019.9.17 10:23:59,,默认图标模式
TrackPt00353,113 18'57.07"E,23 6'19.03"N,1.9,2019.9.17 10:24:00,,默认图标模式
TrackPt00354,113 18'56.58"E,23 6'19.09"N,2,2019.9.17 10:24:01,,默认图标模式
TrackPt00355,113 18'56.09"E,23 6'19.15"N,2.3,2019.9.17 10:24:02,,默认图标模式
TrackPt00356,113 18'55.57"E,23 6'19.21"N,2.2,2019.9.17 10:24:03,,默认图标模式
TrackPt00357,113 18'55.06"E,23 6'19.28"N,2.1,2019.9.17 10:24:04,,默认图标模式
TrackPt00358,113 18'54.55"E,23 6'19.36"N,2.9,2019.9.17 10:24:05,,默认图标模式
TrackPt00359,113 18'54.05"E,23 6'19.45"N,2.9,2019.9.17 10:24:06,,默认图标模式
TrackPt00360,113 18'53.09"E,23 6'19.66"N,3.7,2019.9.17 10:24:08,,默认图标模式
TrackPt00361,113 18'52.63"E,23 6'19.77"N,3.7,2019.9.17 10:24:09,,默认图标模式
TrackPt00362,113 18'52.18"E,23 6'19.88"N,4.3,2019.9.17 10:24:10,,默认图标模式
TrackPt00363,113 18'51.74"E,23 6'20.02"N,5,2019.9.17 10:24:11,,默认图标模式
TrackPt00364,113 18'51.32"E,23 6'20.15"N,5,2019.9.17 10:24:12,,默认图标模式
TrackPt00365,113 18'50.93"E,23 6'20.28"N,4.6,2019.9.17 10:24:13,,默认图标模式
TrackPt00366,113 18'50.56"E,23 6'20.40"N,4.8,2019.9.17 10:24:14,,默认图标模式
TrackPt00367,113 18'50.22"E,23 6'20.52"N,5.6,2019.9.17 10:24:15,,默认图标模式
TrackPt00368,113 18'49.93"E,23 6'20.64"N,5.6,2019.9.17 10:24:16,,默认图标模式
TrackPt00369,113 18'49.32"E,23 6'20.91"N,6.3,2019.9.17 10:24:19,,默认图标模式
TrackPt00370,113 18'48.87"E,23 6'21.17"N,6.3,2019.9.17 10:24:22,,默认图标模式
TrackPt00371,113 18'48.48"E,23 6'21.37"N,6.4,2019.9.17 10:24:25,,默认图标模式
TrackPt00372,113 18'48.06"E,23 6'21.59"N,7.7,2019.9.17 10:24:28,,默认图标模式
TrackPt00373,113 18'47.52"E,23 6'21.84"N,8.2,2019.9.17 10:24:31,,默认图标模式
TrackPt00374,113 18'46.91"E,23 6'22.11"N,8.3,2019.9.17 10:24:34,,默认图标模式
TrackPt00375,113 18'46.29"E,23 6'22.44"N,6.6,2019.9.17 10:24:37,,默认图标模式
TrackPt00376,113 18'45.79"E,23 6'22.68"N,7.2,2019.9.17 10:24:39,,默认图标模式
TrackPt00377,113 18'45.51"E,23 6'22.80"N,6.8,2019.9.17 10:24:40,,默认图标模式
TrackPt00378,113 18'45.23"E,23 6'22.94"N,6.8,2019.9.17 10:24:41,,默认图标模式
TrackPt00379,113 18'44.44"E,23 6'23.29"N,6.1,2019.9.17 10:24:44,,默认图标模式
TrackPt00380,113 18'44.16"E,23 6'23.40"N,6.1,2019.9.17 10:24:45,,默认图标模式
TrackPt00381,113 18'43.88"E,23 6'23.55"N,6.1,2019.9.17 10:24:46,,默认图标模式
TrackPt00382,113 18'43.58"E,23 6'23.72"N,5.1,2019.9.17 10:24:47,,默认图标模式
TrackPt00383,113 18'43.29"E,23 6'23.91"N,3.7,2019.9.17 10:24:48,,默认图标模式
TrackPt00384,113 18'43.02"E,23 6'24.11"N,2.8,2019.9.17 10:24:49,,默认图标模式
TrackPt00385,113 18'42.76"E,23 6'24.33"N,2.3,2019.9.17 10:24:50,,默认图标模式
TrackPt00386,113 18'42.51"E,23 6'24.58"N,2.5,2019.9.17 10:24:51,,默认图标模式
TrackPt00387,113 18'42.27"E,23 6'24.84"N,2.1,2019.9.17 10:24:52,,默认图标模式
TrackPt00388,113 18'42.04"E,23 6'25.11"N,1.9,2019.9.17 10:24:53,,默认图标模式
TrackPt00389,113 18'41.83"E,23 6'25.40"N,1.9,2019.9.17 10:24:54,,默认图标模式
TrackPt00390,113 18'41.64"E,23 6'25.70"N,2.8,2019.9.17 10:24:55,,默认图标模式
TrackPt00391,113 18'41.49"E,23 6'26.01"N,2.8,2019.9.17 10:24:56,,默认图标模式
TrackPt00392,113 18'41.37"E,23 6'26.35"N,2.6,2019.9.17 10:24:57,,默认图标模式
TrackPt00393,113 18'41.26"E,23 6'26.70"N,1.2,2019.9.17 10:24:58,,默认图标模式
TrackPt00394,113 18'41.16"E,23 6'27.07"N,1.2,2019.9.17 10:24:59,,默认图标模式
TrackPt00395,113 18'41.06"E,23 6'27.42"N,1.5,2019.9.17 10:25:00,,默认图标模式
TrackPt00396,113 18'40.96"E,23 6'27.76"N,2,2019.9.17 10:25:01,,默认图标模式
TrackPt00397,113 18'40.87"E,23 6'28.08"N,2.6,2019.9.17 10:25:02,,默认图标模式
TrackPt00398,113 18'40.77"E,23 6'28.40"N,3.2,2019.9.17 10:25:03,,默认图标模式
TrackPt00399,113 18'40.65"E,23 6'28.69"N,3.2,2019.9.17 10:25:04,,默认图标模式
TrackPt00400,113 18'40.54"E,23 6'28.96"N,4.7,2019.9.17 10:25:05,,默认图标模式
TrackPt00401,113 18'40.08"E,23 6'29.54"N,4.7,2019.9.17 10:25:08,,默认图标模式
TrackPt00402,113 18'39.43"E,23 6'29.82"N,4.3,2019.9.17 10:25:11,,默认图标模式
TrackPt00403,113 18'38.75"E,23 6'29.91"N,5.3,2019.9.17 10:25:14,,默认图标模式
TrackPt00404,113 18'38.36"E,23 6'29.89"N,5.6,2019.9.17 10:25:15,,默认图标模式
TrackPt00405,113 18'38.01"E,23 6'29.70"N,5.4,2019.9.17 10:25:16,,默认图标模式
TrackPt00406,113 18'37.67"E,23 6'29.64"N,6.1,2019.9.17 10:25:17,,默认图标模式
TrackPt00407,113 18'37.32"E,23 6'29.56"N,9.5,2019.9.17 10:25:18,,默认图标模式
TrackPt00408,113 18'37.02"E,23 6'29.45"N,4.3,2019.9.17 10:25:19,,默认图标模式
TrackPt00409,113 18'36.67"E,23 6'29.33"N,4.3,2019.9.17 10:25:20,,默认图标模式
TrackPt00410,113 18'36.38"E,23 6'29.14"N,6.6,2019.9.17 10:25:21,,默认图标模式
TrackPt00411,113 18'36.08"E,23 6'28.95"N,7.3,2019.9.17 10:25:22,,默认图标模式
TrackPt00412,113 18'35.48"E,23 6'28.51"N,8.4,2019.9.17 10:25:24,,默认图标模式
TrackPt00413,113 18'35.18"E,23 6'28.29"N,8.4,2019.9.17 10:25:25,,默认图标模式
TrackPt00414,113 18'34.54"E,23 6'27.83"N,8.3,2019.9.17 10:25:27,,默认图标模式
TrackPt00415,113 18'34.22"E,23 6'27.59"N,7.6,2019.9.17 10:25:28,,默认图标模式
TrackPt00416,113 18'33.91"E,23 6'27.34"N,7.6,2019.9.17 10:25:29,,默认图标模式
TrackPt00417,113 18'33.59"E,23 6'27.11"N,7.4,2019.9.17 10:25:30,,默认图标模式
TrackPt00418,113 18'33.27"E,23 6'26.87"N,7.4,2019.9.17 10:25:31,,默认图标模式
TrackPt00419,113 18'32.95"E,23 6'26.64"N,7.3,2019.9.17 10:25:32,,默认图标模式
TrackPt00420,113 18'32.61"E,23 6'26.42"N,6.9,2019.9.17 10:25:33,,默认图标模式
TrackPt00421,113 18'32.30"E,23 6'26.20"N,6.8,2019.9.17 10:25:34,,默认图标模式
TrackPt00422,113 18'31.97"E,23 6'25.98"N,6.2,2019.9.17 10:25:35,,默认图标模式
TrackPt00423,113 18'31.69"E,23 6'25.73"N,5.5,2019.9.17 10:25:36,,默认图标模式
TrackPt00424,113 18'31.37"E,23 6'25.51"N,5.1,2019.9.17 10:25:37,,默认图标模式
TrackPt00425,113 18'31.06"E,23 6'25.30"N,4.8,2019.9.17 10:25:38,,默认图标模式
TrackPt00426,113 18'30.73"E,23 6'25.10"N,4.7,2019.9.17 10:25:39,,默认图标模式
TrackPt00427,113 18'30.45"E,23 6'24.88"N,4,2019.9.17 10:25:40,,默认图标模式
TrackPt00428,113 18'30.15"E,23 6'24.66"N,4,2019.9.17 10:25:41,,默认图标模式
TrackPt00429,113 18'29.84"E,23 6'24.46"N,3.9,2019.9.17 10:25:42,,默认图标模式
TrackPt00430,113 18'29.51"E,23 6'24.26"N,3.4,2019.9.17 10:25:43,,默认图标模式
TrackPt00431,113 18'29.19"E,23 6'24.06"N,3.4,2019.9.17 10:25:44,,默认图标模式
TrackPt00432,113 18'28.86"E,23 6'23.85"N,3.2,2019.9.17 10:25:45,,默认图标模式
TrackPt00433,113 18'28.54"E,23 6'23.62"N,3,2019.9.17 10:25:46,,默认图标模式
TrackPt00434,113 18'28.21"E,23 6'23.41"N,2.7,2019.9.17 10:25:47,,默认图标模式
TrackPt00435,113 18'27.86"E,23 6'23.19"N,2.7,2019.9.17 10:25:48,,默认图标模式
TrackPt00436,113 18'27.51"E,23 6'22.98"N,2.6,2019.9.17 10:25:49,,默认图标模式
TrackPt00437,113 18'27.16"E,23 6'22.76"N,2.4,2019.9.17 10:25:50,,默认图标模式
TrackPt00438,113 18'26.80"E,23 6'22.54"N,2.4,2019.9.17 10:25:51,,默认图标模式
TrackPt00439,113 18'26.42"E,23 6'22.31"N,2.3,2019.9.17 10:25:52,,默认图标模式
TrackPt00440,113 18'26.02"E,23 6'22.07"N,1.5,2019.9.17 10:25:53,,默认图标模式
TrackPt00441,113 18'25.61"E,23 6'21.81"N,1.3,2019.9.17 10:25:54,,默认图标模式
TrackPt00442,113 18'25.19"E,23 6'21.57"N,1.2,2019.9.17 10:25:55,,默认图标模式
TrackPt00443,113 18'24.79"E,23 6'21.34"N,1.3,2019.9.17 10:25:56,,默认图标模式
TrackPt00444,113 18'24.43"E,23 6'21.09"N,1,2019.9.17 10:25:57,,默认图标模式
TrackPt00445,113 18'24.05"E,23 6'20.88"N,1,2019.9.17 10:25:58,,默认图标模式
TrackPt00446,113 18'23.71"E,23 6'20.67"N,1.1,2019.9.17 10:25:59,,默认图标模式
TrackPt00447,113 18'23.37"E,23 6'20.46"N,1.3,2019.9.17 10:26:00,,默认图标模式
TrackPt00448,113 18'23.03"E,23 6'20.28"N,1.3,2019.9.17 10:26:01,,默认图标模式
TrackPt00449,113 18'22.70"E,23 6'20.08"N,1.4,2019.9.17 10:26:02,,默认图标模式
TrackPt00450,113 18'22.37"E,23 6'19.89"N,1.3,2019.9.17 10:26:03,,默认图标模式
TrackPt00451,113 18'22.06"E,23 6'19.72"N,1.4,2019.9.17 10:26:04,,默认图标模式
TrackPt00452,113 18'21.75"E,23 6'19.54"N,1.4,2019.9.17 10:26:05,,默认图标模式
TrackPt00453,113 18'21.44"E,23 6'19.37"N,1.3,2019.9.17 10:26:06,,默认图标模式
TrackPt00454,113 18'21.14"E,23 6'19.20"N,1.1,2019.9.17 10:26:07,,默认图标模式
TrackPt00455,113 18'20.84"E,23 6'19.05"N,1.3,2019.9.17 10:26:08,,默认图标模式
TrackPt00456,113 18'20.55"E,23 6'18.90"N,1.3,2019.9.17 10:26:09,,默认图标模式
TrackPt00457,113 18'20.26"E,23 6'18.77"N,1.3,2019.9.17 10:26:10,,默认图标模式
TrackPt00458,113 18'19.69"E,23 6'18.55"N,1.3,2019.9.17 10:26:12,,默认图标模式
TrackPt00459,113 18'19.41"E,23 6'18.45"N,1.9,2019.9.17 10:26:13,,默认图标模式
TrackPt00460,113 18'19.13"E,23 6'18.37"N,2.1,2019.9.17 10:26:14,,默认图标模式
TrackPt00461,113 18'18.84"E,23 6'18.30"N,2.1,2019.9.17 10:26:15,,默认图标模式
TrackPt00462,113 18'18.04"E,23 6'18.12"N,2.3,2019.9.17 10:26:18,,默认图标模式
TrackPt00463,113 18'17.31"E,23 6'18.01"N,3.1,2019.9.17 10:26:21,,默认图标模式
TrackPt00464,113 18'16.63"E,23 6'18.00"N,4,2019.9.17 10:26:24,,默认图标模式
TrackPt00465,113 18'16.06"E,23 6'17.99"N,2.2,2019.9.17 10:26:27,,默认图标模式
TrackPt00466,113 18'15.53"E,23 6'18.00"N,3.2,2019.9.17 10:26:30,,默认图标模式
TrackPt00467,113 18'14.97"E,23 6'18.06"N,1.9,2019.9.17 10:26:33,,默认图标模式
TrackPt00468,113 18'14.43"E,23 6'18.06"N,2.6,2019.9.17 10:26:36,,默认图标模式
TrackPt00469,113 18'13.79"E,23 6'18.10"N,1.7,2019.9.17 10:26:39,,默认图标模式
TrackPt00470,113 18'12.99"E,23 6'18.11"N,1.2,2019.9.17 10:26:42,,默认图标模式
TrackPt00471,113 18'12.11"E,23 6'18.14"N,1.8,2019.9.17 10:26:45,,默认图标模式
TrackPt00472,113 18'11.31"E,23 6'18.19"N,1.1,2019.9.17 10:26:48,,默认图标模式
TrackPt00473,113 18'10.52"E,23 6'18.25"N,2,2019.9.17 10:26:51,,默认图标模式
TrackPt00474,113 18'9.70"E,23 6'18.42"N,2.9,2019.9.17 10:26:54,,默认图标模式
TrackPt00475,113 18'9.39"E,23 6'18.46"N,2.9,2019.9.17 10:26:55,,默认图标模式
TrackPt00476,113 18'9.06"E,23 6'18.49"N,3.1,2019.9.17 10:26:56,,默认图标模式
TrackPt00477,113 18'8.72"E,23 6'18.52"N,3.5,2019.9.17 10:26:57,,默认图标模式
TrackPt00478,113 18'8.39"E,23 6'18.54"N,4,2019.9.17 10:26:58,,默认图标模式
TrackPt00479,113 18'8.05"E,23 6'18.56"N,4.2,2019.9.17 10:26:59,,默认图标模式
TrackPt00480,113 18'7.73"E,23 6'18.62"N,4.8,2019.9.17 10:27:00,,默认图标模式
TrackPt00481,113 18'7.34"E,23 6'18.67"N,5.5,2019.9.17 10:27:01,,默认图标模式
TrackPt00482,113 18'6.97"E,23 6'18.69"N,5.5,2019.9.17 10:27:02,,默认图标模式
TrackPt00483,113 18'6.57"E,23 6'18.72"N,6,2019.9.17 10:27:03,,默认图标模式
TrackPt00484,113 18'6.20"E,23 6'18.71"N,6.1,2019.9.17 10:27:04,,默认图标模式
TrackPt00485,113 18'5.87"E,23 6'18.70"N,7.2,2019.9.17 10:27:05,,默认图标模式
TrackPt00486,113 18'5.58"E,23 6'18.69"N,8,2019.9.17 10:27:06,,默认图标模式
TrackPt00487,113 18'4.90"E,23 6'18.62"N,10.8,2019.9.17 10:27:09,,默认图标模式
TrackPt00488,113 18'4.23"E,23 6'18.64"N,14.6,2019.9.17 10:27:12,,默认图标模式
TrackPt00489,113 18'3.40"E,23 6'18.69"N,16.7,2019.9.17 10:27:15,,默认图标模式
TrackPt00490,113 18'2.58"E,23 6'18.69"N,18.7,2019.9.17 10:27:18,,默认图标模式
TrackPt00491,113 18'2.00"E,23 6'18.71"N,19.5,2019.9.17 10:27:20,,默认图标模式
TrackPt00492,113 18'1.71"E,23 6'18.73"N,20.9,2019.9.17 10:27:21,,默认图标模式
TrackPt00493,113 18'0.90"E,23 6'18.77"N,20.9,2019.9.17 10:27:24,,默认图标模式
TrackPt00494,113 18'0.33"E,23 6'18.79"N,22.1,2019.9.17 10:27:27,,默认图标模式
TrackPt00495,113 17'59.86"E,23 6'18.79"N,26.3,2019.9.17 10:27:32,,默认图标模式
TrackPt00496,113 17'59.60"E,23 6'18.74"N,31.3,2019.9.17 10:27:38,,默认图标模式
TrackPt00497,113 17'59.46"E,23 6'18.61"N,42.1,2019.9.17 10:28:13,,默认图标模式
TrackPt00498,113 17'59.27"E,23 6'18.57"N,43.8,2019.9.17 10:28:22,,默认图标模式
TrackPt00499,113 17'58.96"E,23 6'18.58"N,44.1,2019.9.17 10:28:25,,默认图标模式
TrackPt00500,113 17'58.55"E,23 6'18.56"N,45.2,2019.9.17 10:28:28,,默认图标模式
TrackPt00501,113 17'58.13"E,23 6'18.51"N,47.6,2019.9.17 10:28:31,,默认图标模式
TrackPt00502,113 17'57.67"E,23 6'18.45"N,47.8,2019.9.17 10:28:34,,默认图标模式
TrackPt00503,113 17'57.17"E,23 6'18.44"N,50.3,2019.9.17 10:28:37,,默认图标模式
TrackPt00504,113 17'56.75"E,23 6'18.48"N,52.6,2019.9.17 10:28:40,,默认图标模式
TrackPt00505,113 17'55.77"E,23 6'18.79"N,50.6,2019.9.17 10:28:43,,默认图标模式
TrackPt00506,113 17'54.94"E,23 6'18.72"N,52.3,2019.9.17 10:28:46,,默认图标模式
TrackPt00507,113 17'53.98"E,23 6'18.84"N,54.3,2019.9.17 10:28:49,,默认图标模式
TrackPt00508,113 17'53.18"E,23 6'18.84"N,56.8,2019.9.17 10:28:52,,默认图标模式
TrackPt00509,113 17'52.30"E,23 6'19.14"N,55.4,2019.9.17 10:28:55,,默认图标模式
TrackPt00510,113 17'51.52"E,23 6'19.17"N,56.7,2019.9.17 10:28:58,,默认图标模式
TrackPt00511,113 17'50.85"E,23 6'19.24"N,58.1,2019.9.17 10:29:00,,默认图标模式
TrackPt00512,113 17'50.44"E,23 6'19.28"N,56.7,2019.9.17 10:29:01,,默认图标模式
TrackPt00513,113 17'50.03"E,23 6'19.30"N,55.3,2019.9.17 10:29:02,,默认图标模式
TrackPt00514,113 17'49.64"E,23 6'19.32"N,54.2,2019.9.17 10:29:03,,默认图标模式
TrackPt00515,113 17'49.22"E,23 6'19.35"N,52,2019.9.17 10:29:04,,默认图标模式
TrackPt00516,113 17'48.78"E,23 6'19.38"N,48,2019.9.17 10:29:05,,默认图标模式
TrackPt00517,113 17'48.35"E,23 6'19.41"N,48,2019.9.17 10:29:06,,默认图标模式
TrackPt00518,113 17'47.96"E,23 6'19.43"N,45.1,2019.9.17 10:29:07,,默认图标模式
TrackPt00519,113 17'47.57"E,23 6'19.43"N,44.2,2019.9.17 10:29:08,,默认图标模式
TrackPt00520,113 17'47.20"E,23 6'19.43"N,43.3,2019.9.17 10:29:09,,默认图标模式
TrackPt00521,113 17'46.85"E,23 6'19.44"N,44.6,2019.9.17 10:29:10,,默认图标模式
TrackPt00522,113 17'46.48"E,23 6'19.43"N,46.3,2019.9.17 10:29:11,,默认图标模式
TrackPt00523,113 17'46.12"E,23 6'19.43"N,47.4,2019.9.17 10:29:12,,默认图标模式
TrackPt00524,113 17'45.78"E,23 6'19.42"N,47.4,2019.9.17 10:29:13,,默认图标模式
TrackPt00525,113 17'45.45"E,23 6'19.44"N,49.1,2019.9.17 10:29:14,,默认图标模式
TrackPt00526,113 17'45.05"E,23 6'19.47"N,48.8,2019.9.17 10:29:15,,默认图标模式
TrackPt00527,113 17'44.67"E,23 6'19.49"N,48.2,2019.9.17 10:29:16,,默认图标模式
TrackPt00528,113 17'44.25"E,23 6'19.55"N,48.3,2019.9.17 10:29:17,,默认图标模式
TrackPt00529,113 17'43.84"E,23 6'19.57"N,48.1,2019.9.17 10:29:18,,默认图标模式
TrackPt00530,113 17'43.44"E,23 6'19.58"N,47.1,2019.9.17 10:29:19,,默认图标模式
TrackPt00531,113 17'43.01"E,23 6'19.60"N,45.9,2019.9.17 10:29:20,,默认图标模式
TrackPt00532,113 17'42.60"E,23 6'19.61"N,43.3,2019.9.17 10:29:21,,默认图标模式
TrackPt00533,113 17'42.18"E,23 6'19.61"N,41.7,2019.9.17 10:29:22,,默认图标模式
TrackPt00534,113 17'41.78"E,23 6'19.63"N,41.7,2019.9.17 10:29:23,,默认图标模式
TrackPt00535,113 17'41.39"E,23 6'19.64"N,41.3,2019.9.17 10:29:24,,默认图标模式
TrackPt00536,113 17'41.01"E,23 6'19.67"N,41.1,2019.9.17 10:29:25,,默认图标模式
TrackPt00537,113 17'40.62"E,23 6'19.71"N,41.1,2019.9.17 10:29:26,,默认图标模式
TrackPt00538,113 17'38.56"E,23 6'20.57"N,41.1,2019.9.17 10:29:32,,默认图标模式
TrackPt00539,113 17'37.96"E,23 6'20.18"N,41,2019.9.17 10:29:33,,默认图标模式
TrackPt00540,113 17'37.42"E,23 6'20.11"N,41.1,2019.9.17 10:29:34,,默认图标模式
TrackPt00541,113 17'36.96"E,23 6'20.04"N,41.2,2019.9.17 10:29:35,,默认图标模式
TrackPt00542,113 17'36.51"E,23 6'20.01"N,40.5,2019.9.17 10:29:36,,默认图标模式
TrackPt00543,113 17'36.09"E,23 6'19.97"N,39.6,2019.9.17 10:29:37,,默认图标模式
TrackPt00544,113 17'35.74"E,23 6'19.92"N,37.9,2019.9.17 10:29:38,,默认图标模式
TrackPt00545,113 17'35.34"E,23 6'19.89"N,37.7,2019.9.17 10:29:39,,默认图标模式
TrackPt00546,113 17'34.98"E,23 6'19.85"N,37.4,2019.9.17 10:29:40,,默认图标模式
TrackPt00547,113 17'34.65"E,23 6'19.82"N,37.3,2019.9.17 10:29:41,,默认图标模式
TrackPt00548,113 17'34.31"E,23 6'19.81"N,36.6,2019.9.17 10:29:42,,默认图标模式
TrackPt00549,113 17'34.00"E,23 6'19.81"N,36.4,2019.9.17 10:29:43,,默认图标模式
TrackPt00550,113 17'33.24"E,23 6'19.84"N,33.5,2019.9.17 10:29:46,,默认图标模式
TrackPt00551,113 17'32.45"E,23 6'19.74"N,32.2,2019.9.17 10:29:49,,默认图标模式
TrackPt00552,113 17'31.59"E,23 6'19.71"N,33.5,2019.9.17 10:29:52,,默认图标模式
TrackPt00553,113 17'30.81"E,23 6'19.77"N,34.2,2019.9.17 10:29:55,,默认图标模式
TrackPt00554,113 17'30.28"E,23 6'19.89"N,33,2019.9.17 10:29:58,,默认图标模式
TrackPt00555,113 17'29.73"E,23 6'19.97"N,30.3,2019.9.17 10:30:03,,默认图标模式
TrackPt00556,113 17'29.54"E,23 6'20.05"N,28.2,2019.9.17 10:30:11,,默认图标模式
TrackPt00557,113 17'29.23"E,23 6'20.06"N,26.4,2019.9.17 10:30:15,,默认图标模式
TrackPt00558,113 17'28.83"E,23 6'20.08"N,25.4,2019.9.17 10:30:18,,默认图标模式
TrackPt00559,113 17'28.36"E,23 6'20.07"N,25.1,2019.9.17 10:30:21,,默认图标模式
TrackPt00560,113 17'27.75"E,23 6'20.11"N,24.4,2019.9.17 10:30:24,,默认图标模式
TrackPt00561,113 17'27.04"E,23 6'20.19"N,22.7,2019.9.17 10:30:27,,默认图标模式
TrackPt00562,113 17'26.18"E,23 6'20.28"N,23.3,2019.9.17 10:30:30,,默认图标模式
TrackPt00563,113 17'25.88"E,23 6'20.31"N,22.9,2019.9.17 10:30:31,,默认图标模式
TrackPt00564,113 17'25.57"E,23 6'20.34"N,23,2019.9.17 10:30:32,,默认图标模式
TrackPt00565,113 17'25.02"E,23 6'20.43"N,23,2019.9.17 10:30:35,,默认图标模式
TrackPt00566,113 17'24.66"E,23 6'20.46"N,24.8,2019.9.17 10:30:38,,默认图标模式
TrackPt00567,113 17'24.69"E,23 6'20.52"N,30.7,2019.9.17 10:30:56,,默认图标模式
TrackPt00568,113 17'24.27"E,23 6'20.60"N,28.9,2019.9.17 10:30:59,,默认图标模式
TrackPt00569,113 17'23.62"E,23 6'20.66"N,26,2019.9.17 10:31:03,,默认图标模式
TrackPt00570,113 17'23.20"E,23 6'20.72"N,30,2019.9.17 10:31:06,,默认图标模式
TrackPt00571,113 17'22.76"E,23 6'20.70"N,33.7,2019.9.17 10:31:10,,默认图标模式
TrackPt00572,113 17'22.43"E,23 6'20.74"N,35.6,2019.9.17 10:31:13,,默认图标模式
TrackPt00573,113 17'22.18"E,23 6'20.70"N,37.5,2019.9.17 10:31:16,,默认图标模式
TrackPt00574,113 17'21.80"E,23 6'20.80"N,43.9,2019.9.17 10:31:19,,默认图标模式
TrackPt00575,113 17'21.44"E,23 6'20.83"N,48.1,2019.9.17 10:31:22,,默认图标模式
TrackPt00576,113 17'20.66"E,23 6'20.85"N,51.2,2019.9.17 10:31:25,,默认图标模式
TrackPt00577,113 17'19.88"E,23 6'20.83"N,46.7,2019.9.17 10:31:28,,默认图标模式
TrackPt00578,113 17'19.26"E,23 6'21.16"N,45.5,2019.9.17 10:31:31,,默认图标模式
TrackPt00579,113 17'18.78"E,23 6'21.30"N,49.5,2019.9.17 10:31:36,,默认图标模式
TrackPt00580,113 17'18.24"E,23 6'21.44"N,52.8,2019.9.17 10:31:39,,默认图标模式
TrackPt00581,113 17'17.40"E,23 6'21.64"N,56.1,2019.9.17 10:31:42,,默认图标模式
TrackPt00582,113 17'16.77"E,23 6'21.77"N,58.4,2019.9.17 10:31:44,,默认图标模式
TrackPt00583,113 17'15.86"E,23 6'22.09"N,48.1,2019.9.17 10:31:46,,默认图标模式
TrackPt00584,113 17'15.45"E,23 6'22.26"N,48.1,2019.9.17 10:31:47,,默认图标模式
TrackPt00585,113 17'15.09"E,23 6'22.36"N,43.1,2019.9.17 10:31:48,,默认图标模式
TrackPt00586,113 17'14.73"E,23 6'22.48"N,39.5,2019.9.17 10:31:49,,默认图标模式
TrackPt00587,113 17'14.41"E,23 6'22.58"N,36.3,2019.9.17 10:31:50,,默认图标模式
TrackPt00588,113 17'14.09"E,23 6'22.70"N,30.9,2019.9.17 10:31:51,,默认图标模式
TrackPt00589,113 17'13.79"E,23 6'22.79"N,30.9,2019.9.17 10:31:52,,默认图标模式
TrackPt00590,113 17'13.45"E,23 6'22.92"N,29.7,2019.9.17 10:31:53,,默认图标模式
TrackPt00591,113 17'13.12"E,23 6'23.06"N,27.2,2019.9.17 10:31:54,,默认图标模式
TrackPt00592,113 17'12.81"E,23 6'23.21"N,24.4,2019.9.17 10:31:55,,默认图标模式
TrackPt00593,113 17'12.24"E,23 6'23.53"N,18.8,2019.9.17 10:31:57,,默认图标模式
TrackPt00594,113 17'11.95"E,23 6'23.71"N,18.8,2019.9.17 10:31:58,,默认图标模式
TrackPt00595,113 17'11.64"E,23 6'23.90"N,17.8,2019.9.17 10:31:59,,默认图标模式
TrackPt00596,113 17'11.35"E,23 6'24.11"N,17.5,2019.9.17 10:32:00,,默认图标模式
TrackPt00597,113 17'11.07"E,23 6'24.33"N,17.3,2019.9.17 10:32:01,,默认图标模式
TrackPt00598,113 17'10.80"E,23 6'24.56"N,17,2019.9.17 10:32:02,,默认图标模式
TrackPt00599,113 17'10.54"E,23 6'24.80"N,16.9,2019.9.17 10:32:03,,默认图标模式
TrackPt00600,113 17'10.26"E,23 6'25.05"N,16.2,2019.9.17 10:32:04,,默认图标模式
TrackPt00601,113 17'9.96"E,23 6'25.30"N,16.2,2019.9.17 10:32:05,,默认图标模式
TrackPt00602,113 17'9.67"E,23 6'25.54"N,15.8,2019.9.17 10:32:06,,默认图标模式
TrackPt00603,113 17'9.39"E,23 6'25.78"N,15.3,2019.9.17 10:32:07,,默认图标模式
TrackPt00604,113 17'9.10"E,23 6'26.02"N,14.5,2019.9.17 10:32:08,,默认图标模式
TrackPt00605,113 17'8.82"E,23 6'26.25"N,14.2,2019.9.17 10:32:09,,默认图标模式
TrackPt00606,113 17'8.56"E,23 6'26.46"N,13.7,2019.9.17 10:32:10,,默认图标模式
TrackPt00607,113 17'8.32"E,23 6'26.67"N,14,2019.9.17 10:32:11,,默认图标模式
TrackPt00608,113 17'8.08"E,23 6'26.85"N,13.2,2019.9.17 10:32:12,,默认图标模式
TrackPt00609,113 17'7.85"E,23 6'27.04"N,13.2,2019.9.17 10:32:13,,默认图标模式
TrackPt00610,113 17'7.20"E,23 6'27.54"N,12.2,2019.9.17 10:32:16,,默认图标模式
TrackPt00611,113 17'6.64"E,23 6'27.98"N,12,2019.9.17 10:32:19,,默认图标模式
TrackPt00612,113 17'6.02"E,23 6'28.53"N,11.2,2019.9.17 10:32:23,,默认图标模式
TrackPt00613,113 17'5.68"E,23 6'28.83"N,10.7,2019.9.17 10:32:26,,默认图标模式
TrackPt00614,113 17'5.35"E,23 6'29.08"N,10.8,2019.9.17 10:32:30,,默认图标模式
TrackPt00615,113 17'5.12"E,23 6'29.26"N,9.9,2019.9.17 10:32:33,,默认图标模式
TrackPt00616,113 17'4.84"E,23 6'29.45"N,8.8,2019.9.17 10:32:36,,默认图标模式
TrackPt00617,113 17'4.48"E,23 6'29.72"N,7.9,2019.9.17 10:32:40,,默认图标模式
TrackPt00618,113 17'4.07"E,23 6'29.97"N,6.4,2019.9.17 10:32:45,,默认图标模式
TrackPt00619,113 17'3.72"E,23 6'29.99"N,-1.6,2019.9.17 10:33:02,,默认图标模式
TrackPt00620,113 17'3.66"E,23 6'30.02"N,-3.7,2019.9.17 10:33:08,,默认图标模式
TrackPt00621,113 17'3.44"E,23 6'30.16"N,-6.1,2019.9.17 10:33:11,,默认图标模式
TrackPt00622,113 17'3.15"E,23 6'30.35"N,-7,2019.9.17 10:33:14,,默认图标模式
TrackPt00623,113 17'2.79"E,23 6'30.55"N,-8.2,2019.9.17 10:33:17,,默认图标模式
TrackPt00624,113 17'2.33"E,23 6'30.84"N,-8.7,2019.9.17 10:33:20,,默认图标模式
TrackPt00625,113 17'1.81"E,23 6'31.26"N,-10.2,2019.9.17 10:33:23,,默认图标模式
TrackPt00626,113 17'1.18"E,23 6'31.76"N,-10,2019.9.17 10:33:26,,默认图标模式
TrackPt00627,113 17'0.72"E,23 6'32.20"N,-8.7,2019.9.17 10:33:28,,默认图标模式
TrackPt00628,113 17'0.48"E,23 6'32.40"N,-8.6,2019.9.17 10:33:29,,默认图标模式
TrackPt00629,113 17'0.22"E,23 6'32.58"N,-8.6,2019.9.17 10:33:30,,默认图标模式
TrackPt00630,113 17'0.00"E,23 6'32.75"N,-8.6,2019.9.17 10:33:31,,默认图标模式
TrackPt00631,113 16'59.24"E,23 6'33.27"N,-7.5,2019.9.17 10:33:34,,默认图标模式
TrackPt00632,113 16'58.53"E,23 6'33.74"N,-5.9,2019.9.17 10:33:37,,默认图标模式
TrackPt00633,113 16'58.03"E,23 6'34.14"N,-4.4,2019.9.17 10:33:40,,默认图标模式
TrackPt00634,113 16'57.53"E,23 6'34.53"N,-2.4,2019.9.17 10:33:43,,默认图标模式
TrackPt00635,113 16'57.15"E,23 6'34.86"N,-0.9,2019.9.17 10:33:46,,默认图标模式
TrackPt00636,113 16'56.82"E,23 6'35.10"N,-0.1,2019.9.17 10:33:49,,默认图标模式
TrackPt00637,113 16'56.53"E,23 6'35.30"N,-0.9,2019.9.17 10:33:52,,默认图标模式
TrackPt00638,113 16'56.23"E,23 6'35.53"N,-1.6,2019.9.17 10:33:55,,默认图标模式
TrackPt00639,113 16'55.81"E,23 6'35.84"N,-1.8,2019.9.17 10:34:00,,默认图标模式
TrackPt00640,113 16'55.58"E,23 6'36.03"N,3.1,2019.9.17 10:34:11,,默认图标模式
TrackPt00641,113 16'55.19"E,23 6'36.28"N,3.1,2019.9.17 10:34:16,,默认图标模式
TrackPt00642,113 16'54.87"E,23 6'36.48"N,2.6,2019.9.17 10:34:19,,默认图标模式
TrackPt00643,113 16'54.69"E,23 6'36.58"N,2.4,2019.9.17 10:34:24,,默认图标模式
TrackPt00644,113 16'54.50"E,23 6'36.67"N,2.3,2019.9.17 10:34:27,,默认图标模式
TrackPt00645,113 16'54.21"E,23 6'36.82"N,1.6,2019.9.17 10:34:30,,默认图标模式
TrackPt00646,113 16'53.86"E,23 6'36.84"N,2.4,2019.9.17 10:34:35,,默认图标模式
TrackPt00647,113 16'53.69"E,23 6'36.93"N,1.6,2019.9.17 10:34:43,,默认图标模式
TrackPt00648,113 16'53.85"E,23 6'36.80"N,2.7,2019.9.17 10:34:47,,默认图标模式
TrackPt00649,113 16'54.25"E,23 6'36.57"N,3.9,2019.9.17 10:34:50,,默认图标模式
TrackPt00650,113 16'54.67"E,23 6'36.36"N,5.6,2019.9.17 10:34:53,,默认图标模式
TrackPt00651,113 16'55.01"E,23 6'36.15"N,7.6,2019.9.17 10:34:56,,默认图标模式
TrackPt00652,113 16'55.34"E,23 6'35.90"N,9.3,2019.9.17 10:35:01,,默认图标模式
TrackPt00653,113 16'55.58"E,23 6'35.80"N,16.7,2019.9.17 10:35:46,,默认图标模式
TrackPt00654,113 16'55.80"E,23 6'35.65"N,17.8,2019.9.17 10:35:51,,默认图标模式
TrackPt00655,113 16'56.17"E,23 6'35.43"N,18.4,2019.9.17 10:35:55,,默认图标模式
TrackPt00656,113 16'56.52"E,23 6'35.20"N,19.9,2019.9.17 10:35:58,,默认图标模式
TrackPt00657,113 16'56.94"E,23 6'34.90"N,19,2019.9.17 10:36:01,,默认图标模式
TrackPt00658,113 16'57.41"E,23 6'34.59"N,21.9,2019.9.17 10:36:04,,默认图标模式
TrackPt00659,113 16'58.37"E,23 6'33.90"N,23.9,2019.9.17 10:36:09,,默认图标模式
TrackPt00660,113 16'59.00"E,23 6'33.48"N,22.9,2019.9.17 10:36:12,,默认图标模式
TrackPt00661,113 16'59.55"E,23 6'33.06"N,21.7,2019.9.17 10:36:15,,默认图标模式
TrackPt00662,113 16'59.81"E,23 6'32.68"N,21.4,2019.9.17 10:36:18,,默认图标模式
TrackPt00663,113 16'59.85"E,23 6'32.21"N,17.3,2019.9.17 10:36:22,,默认图标模式
TrackPt00664,113 16'59.73"E,23 6'31.91"N,15.1,2019.9.17 10:36:25,,默认图标模式
TrackPt00665,113 16'59.44"E,23 6'31.49"N,14,2019.9.17 10:36:28,,默认图标模式
TrackPt00666,113 16'59.06"E,23 6'30.91"N,14.6,2019.9.17 10:36:31,,默认图标模式
TrackPt00667,113 16'58.61"E,23 6'30.37"N,14.5,2019.9.17 10:36:34,,默认图标模式
TrackPt00668,113 16'58.16"E,23 6'30.18"N,12.1,2019.9.17 10:36:37,,默认图标模式
TrackPt00669,113 16'57.59"E,23 6'30.45"N,9.7,2019.9.17 10:36:40,,默认图标模式
TrackPt00670,113 16'57.34"E,23 6'30.61"N,9.7,2019.9.17 10:36:41,,默认图标模式
TrackPt00671,113 16'57.06"E,23 6'30.79"N,9.7,2019.9.17 10:36:42,,默认图标模式
TrackPt00672,113 16'56.75"E,23 6'31.00"N,9.5,2019.9.17 10:36:43,,默认图标模式
TrackPt00673,113 16'56.41"E,23 6'31.21"N,9.1,2019.9.17 10:36:44,,默认图标模式
TrackPt00674,113 16'56.05"E,23 6'31.44"N,9.1,2019.9.17 10:36:45,,默认图标模式
TrackPt00675,113 16'55.67"E,23 6'31.66"N,9.3,2019.9.17 10:36:46,,默认图标模式
TrackPt00676,113 16'55.29"E,23 6'31.88"N,9.8,2019.9.17 10:36:47,,默认图标模式
TrackPt00677,113 16'54.90"E,23 6'32.10"N,10.1,2019.9.17 10:36:48,,默认图标模式
TrackPt00678,113 16'54.52"E,23 6'32.30"N,10.5,2019.9.17 10:36:49,,默认图标模式
TrackPt00679,113 16'54.15"E,23 6'32.49"N,11.4,2019.9.17 10:36:50,,默认图标模式
TrackPt00680,113 16'53.80"E,23 6'32.68"N,11.4,2019.9.17 10:36:51,,默认图标模式
TrackPt00681,113 16'53.47"E,23 6'32.86"N,11.8,2019.9.17 10:36:52,,默认图标模式
TrackPt00682,113 16'53.17"E,23 6'33.03"N,11.8,2019.9.17 10:36:53,,默认图标模式
TrackPt00683,113 16'52.89"E,23 6'33.21"N,11.9,2019.9.17 10:36:54,,默认图标模式
TrackPt00684,113 16'52.27"E,23 6'33.87"N,14.1,2019.9.17 10:36:57,,默认图标模式
TrackPt00685,113 16'52.02"E,23 6'34.56"N,14.9,2019.9.17 10:37:00,,默认图标模式
TrackPt00686,113 16'52.06"E,23 6'35.24"N,15.6,2019.9.17 10:37:03,,默认图标模式
TrackPt00687,113 16'52.13"E,23 6'35.50"N,15.4,2019.9.17 10:37:04,,默认图标模式
TrackPt00688,113 16'52.21"E,23 6'35.78"N,15.4,2019.9.17 10:37:05,,默认图标模式
TrackPt00689,113 16'52.30"E,23 6'36.08"N,15.1,2019.9.17 10:37:06,,默认图标模式
TrackPt00690,113 16'52.41"E,23 6'36.41"N,15.1,2019.9.17 10:37:07,,默认图标模式
TrackPt00691,113 16'52.51"E,23 6'36.74"N,15.4,2019.9.17 10:37:08,,默认图标模式
TrackPt00692,113 16'52.62"E,23 6'37.08"N,15.7,2019.9.17 10:37:09,,默认图标模式
TrackPt00693,113 16'52.73"E,23 6'37.44"N,16,2019.9.17 10:37:10,,默认图标模式
TrackPt00694,113 16'52.97"E,23 6'38.18"N,17.3,2019.9.17 10:37:12,,默认图标模式
TrackPt00695,113 16'53.11"E,23 6'38.57"N,17.3,2019.9.17 10:37:13,,默认图标模式
TrackPt00696,113 16'53.25"E,23 6'38.98"N,17.5,2019.9.17 10:37:14,,默认图标模式
TrackPt00697,113 16'53.40"E,23 6'39.41"N,17.8,2019.9.17 10:37:15,,默认图标模式
TrackPt00698,113 16'53.53"E,23 6'39.82"N,17.7,2019.9.17 10:37:16,,默认图标模式
TrackPt00699,113 16'53.67"E,23 6'40.23"N,18.3,2019.9.17 10:37:17,,默认图标模式
TrackPt00700,113 16'53.80"E,23 6'40.64"N,18.3,2019.9.17 10:37:18,,默认图标模式
TrackPt00701,113 16'53.93"E,23 6'41.04"N,18.1,2019.9.17 10:37:19,,默认图标模式
TrackPt00702,113 16'54.06"E,23 6'41.44"N,18.2,2019.9.17 10:37:20,,默认图标模式
TrackPt00703,113 16'54.18"E,23 6'41.83"N,18.4,2019.9.17 10:37:21,,默认图标模式
TrackPt00704,113 16'54.31"E,23 6'42.21"N,18.3,2019.9.17 10:37:22,,默认图标模式
TrackPt00705,113 16'54.42"E,23 6'42.59"N,18.3,2019.9.17 10:37:23,,默认图标模式
TrackPt00706,113 16'54.54"E,23 6'42.96"N,18.4,2019.9.17 10:37:24,,默认图标模式
TrackPt00707,113 16'54.66"E,23 6'43.34"N,18.4,2019.9.17 10:37:25,,默认图标模式
TrackPt00708,113 16'54.78"E,23 6'43.72"N,18.2,2019.9.17 10:37:26,,默认图标模式
TrackPt00709,113 16'54.90"E,23 6'44.09"N,18,2019.9.17 10:37:27,,默认图标模式
TrackPt00710,113 16'55.03"E,23 6'44.47"N,17.8,2019.9.17 10:37:28,,默认图标模式
TrackPt00711,113 16'55.15"E,23 6'44.86"N,17.5,2019.9.17 10:37:29,,默认图标模式
TrackPt00712,113 16'55.28"E,23 6'45.25"N,17.5,2019.9.17 10:37:30,,默认图标模式
TrackPt00713,113 16'55.40"E,23 6'45.64"N,17.2,2019.9.17 10:37:31,,默认图标模式
TrackPt00714,113 16'55.53"E,23 6'46.04"N,17.2,2019.9.17 10:37:32,,默认图标模式
TrackPt00715,113 16'55.65"E,23 6'46.43"N,17.2,2019.9.17 10:37:33,,默认图标模式
TrackPt00716,113 16'55.78"E,23 6'46.82"N,16.7,2019.9.17 10:37:34,,默认图标模式
TrackPt00717,113 16'55.90"E,23 6'47.20"N,16.2,2019.9.17 10:37:35,,默认图标模式
TrackPt00718,113 16'56.02"E,23 6'47.58"N,15.5,2019.9.17 10:37:36,,默认图标模式
TrackPt00719,113 16'56.14"E,23 6'47.96"N,15,2019.9.17 10:37:37,,默认图标模式
TrackPt00720,113 16'56.26"E,23 6'48.33"N,14.7,2019.9.17 10:37:38,,默认图标模式
TrackPt00721,113 16'56.38"E,23 6'48.70"N,14.1,2019.9.17 10:37:39,,默认图标模式
TrackPt00722,113 16'56.50"E,23 6'49.06"N,13.9,2019.9.17 10:37:40,,默认图标模式
TrackPt00723,113 16'56.61"E,23 6'49.41"N,13.6,2019.9.17 10:37:41,,默认图标模式
TrackPt00724,113 16'56.72"E,23 6'49.75"N,13.4,2019.9.17 10:37:42,,默认图标模式
TrackPt00725,113 16'56.83"E,23 6'50.10"N,13.1,2019.9.17 10:37:43,,默认图标模式
TrackPt00726,113 16'56.94"E,23 6'50.47"N,12.9,2019.9.17 10:37:44,,默认图标模式
TrackPt00727,113 16'57.05"E,23 6'50.85"N,12.8,2019.9.17 10:37:45,,默认图标模式
TrackPt00728,113 16'57.15"E,23 6'51.24"N,12.8,2019.9.17 10:37:46,,默认图标模式
TrackPt00729,113 16'57.25"E,23 6'51.62"N,12.7,2019.9.17 10:37:47,,默认图标模式
TrackPt00730,113 16'57.33"E,23 6'52.01"N,12.7,2019.9.17 10:37:48,,默认图标模式
TrackPt00731,113 16'57.42"E,23 6'52.40"N,12.7,2019.9.17 10:37:49,,默认图标模式
TrackPt00732,113 16'57.49"E,23 6'52.77"N,12.5,2019.9.17 10:37:50,,默认图标模式
TrackPt00733,113 16'57.56"E,23 6'53.13"N,12.4,2019.9.17 10:37:51,,默认图标模式
TrackPt00734,113 16'57.62"E,23 6'53.47"N,12.4,2019.9.17 10:37:52,,默认图标模式
TrackPt00735,113 16'57.69"E,23 6'53.77"N,12.3,2019.9.17 10:37:53,,默认图标模式
TrackPt00736,113 16'57.75"E,23 6'54.06"N,12.3,2019.9.17 10:37:54,,默认图标模式
TrackPt00737,113 16'58.08"E,23 6'54.77"N,12.2,2019.9.17 10:37:57,,默认图标模式
TrackPt00738,113 16'58.50"E,23 6'55.13"N,11.5,2019.9.17 10:37:59,,默认图标模式
TrackPt00739,113 16'58.76"E,23 6'55.28"N,10.9,2019.9.17 10:38:00,,默认图标模式
TrackPt00740,113 16'59.06"E,23 6'55.39"N,10.4,2019.9.17 10:38:01,,默认图标模式
TrackPt00741,113 16'59.37"E,23 6'55.45"N,10.1,2019.9.17 10:38:02,,默认图标模式
TrackPt00742,113 16'59.70"E,23 6'55.46"N,10.2,2019.9.17 10:38:03,,默认图标模式
TrackPt00743,113 17'0.04"E,23 6'55.43"N,10.2,2019.9.17 10:38:04,,默认图标模式
TrackPt00744,113 17'0.41"E,23 6'55.38"N,9.8,2019.9.17 10:38:05,,默认图标模式
TrackPt00745,113 17'0.80"E,23 6'55.33"N,9.8,2019.9.17 10:38:06,,默认图标模式
TrackPt00746,113 17'1.20"E,23 6'55.26"N,10.4,2019.9.17 10:38:07,,默认图标模式
TrackPt00747,113 17'1.61"E,23 6'55.20"N,10.7,2019.9.17 10:38:08,,默认图标模式
TrackPt00748,113 17'1.99"E,23 6'55.11"N,10.4,2019.9.17 10:38:09,,默认图标模式
TrackPt00749,113 17'2.37"E,23 6'55.05"N,12.6,2019.9.17 10:38:10,,默认图标模式
TrackPt00750,113 17'2.75"E,23 6'54.98"N,13.7,2019.9.17 10:38:11,,默认图标模式
TrackPt00751,113 17'3.09"E,23 6'54.92"N,14.3,2019.9.17 10:38:12,,默认图标模式
TrackPt00752,113 17'3.40"E,23 6'54.86"N,14.8,2019.9.17 10:38:13,,默认图标模式
TrackPt00753,113 17'4.01"E,23 6'54.52"N,13.7,2019.9.17 10:38:16,,默认图标模式
TrackPt00754,113 17'4.21"E,23 6'54.08"N,13.9,2019.9.17 10:38:19,,默认图标模式
TrackPt00755,113 17'4.23"E,23 6'53.77"N,3.4,2019.9.17 10:39:26,,默认图标模式
TrackPt00756,113 17'4.27"E,23 6'53.49"N,4,2019.9.17 10:39:29,,默认图标模式
TrackPt00757,113 17'4.54"E,23 6'53.12"N,4.6,2019.9.17 10:39:32,,默认图标模式
TrackPt00758,113 17'5.20"E,23 6'52.91"N,4.8,2019.9.17 10:39:35,,默认图标模式
TrackPt00759,113 17'6.93"E,23 6'52.82"N,4.9,2019.9.17 10:39:40,,默认图标模式
TrackPt00760,113 17'7.34"E,23 6'52.83"N,4.9,2019.9.17 10:39:41,,默认图标模式
TrackPt00761,113 17'7.76"E,23 6'52.83"N,5.1,2019.9.17 10:39:42,,默认图标模式
TrackPt00762,113 17'8.61"E,23 6'52.84"N,5.9,2019.9.17 10:39:44,,默认图标模式
TrackPt00763,113 17'9.02"E,23 6'52.83"N,5.9,2019.9.17 10:39:45,,默认图标模式
TrackPt00764,113 17'9.43"E,23 6'52.81"N,6.2,2019.9.17 10:39:46,,默认图标模式
TrackPt00765,113 17'9.82"E,23 6'52.76"N,6.4,2019.9.17 10:39:47,,默认图标模式
TrackPt00766,113 17'10.22"E,23 6'52.68"N,6.8,2019.9.17 10:39:48,,默认图标模式
TrackPt00767,113 17'10.62"E,23 6'52.57"N,6.9,2019.9.17 10:39:49,,默认图标模式
TrackPt00768,113 17'11.03"E,23 6'52.43"N,6.9,2019.9.17 10:39:50,,默认图标模式
TrackPt00769,113 17'11.45"E,23 6'52.27"N,6.9,2019.9.17 10:39:51,,默认图标模式
TrackPt00770,113 17'11.88"E,23 6'52.09"N,6.9,2019.9.17 10:39:52,,默认图标模式
TrackPt00771,113 17'13.20"E,23 6'51.52"N,7,2019.9.17 10:39:55,,默认图标模式
TrackPt00772,113 17'13.64"E,23 6'51.34"N,7,2019.9.17 10:39:56,,默认图标模式
TrackPt00773,113 17'14.08"E,23 6'51.18"N,7.1,2019.9.17 10:39:57,,默认图标模式
TrackPt00774,113 17'14.96"E,23 6'50.97"N,7,2019.9.17 10:39:59,,默认图标模式
TrackPt00775,113 17'15.41"E,23 6'50.91"N,7,2019.9.17 10:40:00,,默认图标模式
TrackPt00776,113 17'15.89"E,23 6'50.88"N,7.1,2019.9.17 10:40:01,,默认图标模式
TrackPt00777,113 17'16.89"E,23 6'50.85"N,6.3,2019.9.17 10:40:03,,默认图标模式
TrackPt00778,113 17'17.42"E,23 6'50.85"N,6.3,2019.9.17 10:40:04,,默认图标模式
TrackPt00779,113 17'17.95"E,23 6'50.85"N,6,2019.9.17 10:40:05,,默认图标模式
TrackPt00780,113 17'18.49"E,23 6'50.85"N,5.8,2019.9.17 10:40:06,,默认图标模式
TrackPt00781,113 17'19.01"E,23 6'50.84"N,5.8,2019.9.17 10:40:07,,默认图标模式
TrackPt00782,113 17'19.52"E,23 6'50.83"N,5.8,2019.9.17 10:40:08,,默认图标模式
TrackPt00783,113 17'19.99"E,23 6'50.82"N,5.7,2019.9.17 10:40:09,,默认图标模式
TrackPt00784,113 17'20.41"E,23 6'50.81"N,5.9,2019.9.17 10:40:10,,默认图标模式
TrackPt00785,113 17'20.80"E,23 6'50.79"N,5.7,2019.9.17 10:40:11,,默认图标模式
TrackPt00786,113 17'21.18"E,23 6'50.79"N,5.9,2019.9.17 10:40:12,,默认图标模式
TrackPt00787,113 17'21.57"E,23 6'50.78"N,6.1,2019.9.17 10:40:13,,默认图标模式
TrackPt00788,113 17'21.97"E,23 6'50.78"N,5.8,2019.9.17 10:40:14,,默认图标模式
TrackPt00789,113 17'22.39"E,23 6'50.78"N,5.9,2019.9.17 10:40:15,,默认图标模式
TrackPt00790,113 17'22.83"E,23 6'50.77"N,5.7,2019.9.17 10:40:16,,默认图标模式
TrackPt00791,113 17'23.26"E,23 6'50.77"N,5.3,2019.9.17 10:40:17,,默认图标模式
TrackPt00792,113 17'23.69"E,23 6'50.77"N,5.3,2019.9.17 10:40:18,,默认图标模式
TrackPt00793,113 17'24.08"E,23 6'50.76"N,5.1,2019.9.17 10:40:19,,默认图标模式
TrackPt00794,113 17'24.45"E,23 6'50.76"N,5.1,2019.9.17 10:40:20,,默认图标模式
TrackPt00795,113 17'25.10"E,23 6'50.75"N,4.9,2019.9.17 10:40:22,,默认图标模式
TrackPt00796,113 17'25.81"E,23 6'50.73"N,4.8,2019.9.17 10:40:25,,默认图标模式
TrackPt00797,113 17'26.24"E,23 6'50.72"N,4.8,2019.9.17 10:40:28,,默认图标模式
TrackPt00798,113 17'26.51"E,23 6'50.69"N,3.9,2019.9.17 10:40:44,,默认图标模式
TrackPt00799,113 17'26.80"E,23 6'50.69"N,4,2019.9.17 10:40:47,,默认图标模式
TrackPt00800,113 17'27.37"E,23 6'50.69"N,4.2,2019.9.17 10:40:50,,默认图标模式
TrackPt00801,113 17'28.14"E,23 6'50.65"N,4.9,2019.9.17 10:40:53,,默认图标模式
TrackPt00802,113 17'28.45"E,23 6'50.62"N,5.1,2019.9.17 10:40:54,,默认图标模式
TrackPt00803,113 17'28.76"E,23 6'50.53"N,6.2,2019.9.17 10:40:55,,默认图标模式
TrackPt00804,113 17'29.10"E,23 6'50.47"N,6.9,2019.9.17 10:40:56,,默认图标模式
TrackPt00805,113 17'29.47"E,23 6'50.40"N,7.4,2019.9.17 10:40:57,,默认图标模式
TrackPt00806,113 17'31.79"E,23 6'49.98"N,7.1,2019.9.17 10:41:03,,默认图标模式
TrackPt00807,113 17'32.19"E,23 6'49.90"N,6.9,2019.9.17 10:41:04,,默认图标模式
TrackPt00808,113 17'32.60"E,23 6'49.81"N,6.9,2019.9.17 10:41:05,,默认图标模式
TrackPt00809,113 17'33.01"E,23 6'49.73"N,6.6,2019.9.17 10:41:06,,默认图标模式
TrackPt00810,113 17'33.42"E,23 6'49.64"N,5.8,2019.9.17 10:41:07,,默认图标模式
TrackPt00811,113 17'33.84"E,23 6'49.55"N,5.8,2019.9.17 10:41:08,,默认图标模式
TrackPt00812,113 17'34.27"E,23 6'49.46"N,4.8,2019.9.17 10:41:09,,默认图标模式
TrackPt00813,113 17'34.71"E,23 6'49.37"N,4.8,2019.9.17 10:41:10,,默认图标模式
TrackPt00814,113 17'35.17"E,23 6'49.27"N,4.9,2019.9.17 10:41:11,,默认图标模式
TrackPt00815,113 17'35.65"E,23 6'49.17"N,4.8,2019.9.17 10:41:12,,默认图标模式
TrackPt00816,113 17'36.14"E,23 6'49.09"N,5.1,2019.9.17 10:41:13,,默认图标模式
TrackPt00817,113 17'36.63"E,23 6'48.98"N,4.9,2019.9.17 10:41:14,,默认图标模式
TrackPt00818,113 17'37.10"E,23 6'48.87"N,4.4,2019.9.17 10:41:15,,默认图标模式
TrackPt00819,113 17'38.06"E,23 6'48.67"N,4.2,2019.9.17 10:41:17,,默认图标模式
TrackPt00820,113 17'38.54"E,23 6'48.56"N,4.2,2019.9.17 10:41:18,,默认图标模式
TrackPt00821,113 17'39.03"E,23 6'48.46"N,4.2,2019.9.17 10:41:19,,默认图标模式
TrackPt00822,113 17'39.50"E,23 6'48.34"N,4.3,2019.9.17 10:41:20,,默认图标模式
TrackPt00823,113 17'39.99"E,23 6'48.25"N,5.1,2019.9.17 10:41:21,,默认图标模式
TrackPt00824,113 17'40.45"E,23 6'48.15"N,4.5,2019.9.17 10:41:22,,默认图标模式
TrackPt00825,113 17'40.91"E,23 6'48.07"N,4.7,2019.9.17 10:41:23,,默认图标模式
TrackPt00826,113 17'41.34"E,23 6'47.98"N,5,2019.9.17 10:41:24,,默认图标模式
TrackPt00827,113 17'41.73"E,23 6'47.89"N,5,2019.9.17 10:41:25,,默认图标模式
TrackPt00828,113 17'42.11"E,23 6'47.80"N,5.5,2019.9.17 10:41:26,,默认图标模式
TrackPt00829,113 17'42.48"E,23 6'47.73"N,5.9,2019.9.17 10:41:27,,默认图标模式
TrackPt00830,113 17'42.84"E,23 6'47.67"N,5.8,2019.9.17 10:41:28,,默认图标模式
TrackPt00831,113 17'43.19"E,23 6'47.60"N,5.7,2019.9.17 10:41:29,,默认图标模式
TrackPt00832,113 17'43.54"E,23 6'47.53"N,5.7,2019.9.17 10:41:30,,默认图标模式
TrackPt00833,113 17'43.88"E,23 6'47.47"N,5.8,2019.9.17 10:41:31,,默认图标模式
TrackPt00834,113 17'44.19"E,23 6'47.40"N,5.6,2019.9.17 10:41:32,,默认图标模式
TrackPt00835,113 17'44.94"E,23 6'47.19"N,5.7,2019.9.17 10:41:35,,默认图标模式
TrackPt00836,113 17'45.39"E,23 6'46.75"N,7.3,2019.9.17 10:41:38,,默认图标模式
TrackPt00837,113 17'45.74"E,23 6'46.10"N,6,2019.9.17 10:41:41,,默认图标模式
TrackPt00838,113 17'46.14"E,23 6'45.38"N,5.1,2019.9.17 10:41:44,,默认图标模式
TrackPt00839,113 17'46.31"E,23 6'45.13"N,5.5,2019.9.17 10:41:45,,默认图标模式
TrackPt00840,113 17'46.51"E,23 6'44.89"N,5.5,2019.9.17 10:41:46,,默认图标模式
TrackPt00841,113 17'46.75"E,23 6'44.67"N,5.2,2019.9.17 10:41:47,,默认图标模式
TrackPt00842,113 17'47.01"E,23 6'44.49"N,4.7,2019.9.17 10:41:48,,默认图标模式
TrackPt00843,113 17'47.28"E,23 6'44.32"N,5.6,2019.9.17 10:41:49,,默认图标模式
TrackPt00844,113 17'47.57"E,23 6'44.19"N,6.5,2019.9.17 10:41:50,,默认图标模式
TrackPt00845,113 17'47.90"E,23 6'44.11"N,6.5,2019.9.17 10:41:51,,默认图标模式
TrackPt00846,113 17'48.25"E,23 6'44.05"N,6.5,2019.9.17 10:41:52,,默认图标模式
TrackPt00847,113 17'48.61"E,23 6'44.00"N,8.1,2019.9.17 10:41:53,,默认图标模式
TrackPt00848,113 17'49.00"E,23 6'43.94"N,8.1,2019.9.17 10:41:54,,默认图标模式
TrackPt00849,113 17'49.39"E,23 6'43.88"N,7.7,2019.9.17 10:41:55,,默认图标模式
TrackPt00850,113 17'49.79"E,23 6'43.83"N,8.4,2019.9.17 10:41:56,,默认图标模式
TrackPt00851,113 17'50.20"E,23 6'43.77"N,9.5,2019.9.17 10:41:57,,默认图标模式
TrackPt00852,113 17'50.63"E,23 6'43.71"N,10.7,2019.9.17 10:41:58,,默认图标模式
TrackPt00853,113 17'51.03"E,23 6'43.65"N,10.6,2019.9.17 10:41:59,,默认图标模式
TrackPt00854,113 17'51.42"E,23 6'43.59"N,11.9,2019.9.17 10:42:00,,默认图标模式
TrackPt00855,113 17'51.80"E,23 6'43.53"N,11.9,2019.9.17 10:42:01,,默认图标模式
TrackPt00856,113 17'52.16"E,23 6'43.48"N,13,2019.9.17 10:42:02,,默认图标模式
TrackPt00857,113 17'52.53"E,23 6'43.43"N,14.2,2019.9.17 10:42:03,,默认图标模式
TrackPt00858,113 17'52.89"E,23 6'43.36"N,12,2019.9.17 10:42:04,,默认图标模式
TrackPt00859,113 17'53.25"E,23 6'43.31"N,13.9,2019.9.17 10:42:05,,默认图标模式
TrackPt00860,113 17'53.61"E,23 6'43.25"N,13.9,2019.9.17 10:42:06,,默认图标模式
TrackPt00861,113 17'53.99"E,23 6'43.19"N,15,2019.9.17 10:42:07,,默认图标模式
TrackPt00862,113 17'54.37"E,23 6'43.14"N,14.9,2019.9.17 10:42:08,,默认图标模式
TrackPt00863,113 17'54.74"E,23 6'43.08"N,15.5,2019.9.17 10:42:09,,默认图标模式
TrackPt00864,113 17'55.13"E,23 6'43.01"N,14.5,2019.9.17 10:42:10,,默认图标模式
TrackPt00865,113 17'55.50"E,23 6'42.95"N,12.6,2019.9.17 10:42:11,,默认图标模式
TrackPt00866,113 17'55.89"E,23 6'42.88"N,12.2,2019.9.17 10:42:12,,默认图标模式
TrackPt00867,113 17'56.27"E,23 6'42.82"N,13,2019.9.17 10:42:13,,默认图标模式
TrackPt00868,113 17'56.64"E,23 6'42.76"N,14,2019.9.17 10:42:14,,默认图标模式
TrackPt00869,113 17'57.00"E,23 6'42.71"N,14,2019.9.17 10:42:15,,默认图标模式
TrackPt00870,113 17'57.33"E,23 6'42.67"N,14.4,2019.9.17 10:42:16,,默认图标模式
TrackPt00871,113 17'57.67"E,23 6'42.61"N,14.9,2019.9.17 10:42:17,,默认图标模式
TrackPt00872,113 17'57.99"E,23 6'42.54"N,15.4,2019.9.17 10:42:18,,默认图标模式
TrackPt00873,113 17'58.85"E,23 6'42.38"N,17.3,2019.9.17 10:42:21,,默认图标模式
TrackPt00874,113 17'59.45"E,23 6'42.27"N,16.4,2019.9.17 10:42:23,,默认图标模式
TrackPt00875,113 17'59.79"E,23 6'42.21"N,16.5,2019.9.17 10:42:24,,默认图标模式
TrackPt00876,113 18'0.13"E,23 6'42.16"N,17.5,2019.9.17 10:42:25,,默认图标模式
TrackPt00877,113 18'0.49"E,23 6'42.10"N,18.6,2019.9.17 10:42:26,,默认图标模式
TrackPt00878,113 18'0.85"E,23 6'42.04"N,19.4,2019.9.17 10:42:27,,默认图标模式
TrackPt00879,113 18'1.21"E,23 6'41.99"N,19.6,2019.9.17 10:42:28,,默认图标模式
TrackPt00880,113 18'1.60"E,23 6'41.94"N,20.6,2019.9.17 10:42:29,,默认图标模式
TrackPt00881,113 18'1.98"E,23 6'41.90"N,20.6,2019.9.17 10:42:30,,默认图标模式
TrackPt00882,113 18'2.38"E,23 6'41.84"N,20.8,2019.9.17 10:42:31,,默认图标模式
TrackPt00883,113 18'2.79"E,23 6'41.77"N,21.3,2019.9.17 10:42:32,,默认图标模式
TrackPt00884,113 18'3.18"E,23 6'41.69"N,22.2,2019.9.17 10:42:33,,默认图标模式
TrackPt00885,113 18'3.57"E,23 6'41.63"N,21.8,2019.9.17 10:42:34,,默认图标模式
TrackPt00886,113 18'3.97"E,23 6'41.57"N,20.9,2019.9.17 10:42:35,,默认图标模式
TrackPt00887,113 18'4.36"E,23 6'41.52"N,20.9,2019.9.17 10:42:36,,默认图标模式
TrackPt00888,113 18'4.76"E,23 6'41.46"N,22.6,2019.9.17 10:42:37,,默认图标模式
TrackPt00889,113 18'5.17"E,23 6'41.39"N,22,2019.9.17 10:42:38,,默认图标模式
TrackPt00890,113 18'5.58"E,23 6'41.33"N,21.1,2019.9.17 10:42:39,,默认图标模式
TrackPt00891,113 18'6.00"E,23 6'41.26"N,20.3,2019.9.17 10:42:40,,默认图标模式
TrackPt00892,113 18'6.44"E,23 6'41.20"N,20.3,2019.9.17 10:42:41,,默认图标模式
TrackPt00893,113 18'6.85"E,23 6'41.14"N,21.5,2019.9.17 10:42:42,,默认图标模式
TrackPt00894,113 18'7.24"E,23 6'41.08"N,22.3,2019.9.17 10:42:43,,默认图标模式
TrackPt00895,113 18'7.57"E,23 6'41.04"N,22.3,2019.9.17 10:42:44,,默认图标模式
TrackPt00896,113 18'7.88"E,23 6'40.99"N,22.6,2019.9.17 10:42:45,,默认图标模式
TrackPt00897,113 18'8.50"E,23 6'40.88"N,21.6,2019.9.17 10:42:47,,默认图标模式
TrackPt00898,113 18'8.86"E,23 6'40.82"N,19.9,2019.9.17 10:42:48,,默认图标模式
TrackPt00899,113 18'9.31"E,23 6'40.74"N,19.4,2019.9.17 10:42:49,,默认图标模式
TrackPt00900,113 18'9.75"E,23 6'40.63"N,16.5,2019.9.17 10:42:50,,默认图标模式
TrackPt00901,113 18'10.19"E,23 6'40.56"N,15.5,2019.9.17 10:42:51,,默认图标模式
TrackPt00902,113 18'10.65"E,23 6'40.49"N,15.5,2019.9.17 10:42:52,,默认图标模式
TrackPt00903,113 18'11.12"E,23 6'40.42"N,15.7,2019.9.17 10:42:53,,默认图标模式
TrackPt00904,113 18'11.57"E,23 6'40.37"N,15.4,2019.9.17 10:42:54,,默认图标模式
TrackPt00905,113 18'12.03"E,23 6'40.30"N,16.3,2019.9.17 10:42:55,,默认图标模式
TrackPt00906,113 18'12.52"E,23 6'40.22"N,17.6,2019.9.17 10:42:56,,默认图标模式
TrackPt00907,113 18'13.03"E,23 6'40.13"N,17.3,2019.9.17 10:42:57,,默认图标模式
TrackPt00908,113 18'13.56"E,23 6'40.02"N,16.5,2019.9.17 10:42:58,,默认图标模式
TrackPt00909,113 18'14.08"E,23 6'39.93"N,17.4,2019.9.17 10:42:59,,默认图标模式
TrackPt00910,113 18'14.57"E,23 6'39.84"N,17.3,2019.9.17 10:43:00,,默认图标模式
TrackPt00911,113 18'15.04"E,23 6'39.77"N,17.5,2019.9.17 10:43:01,,默认图标模式
TrackPt00912,113 18'15.55"E,23 6'39.69"N,17.9,2019.9.17 10:43:02,,默认图标模式
TrackPt00913,113 18'16.06"E,23 6'39.59"N,16,2019.9.17 10:43:03,,默认图标模式
TrackPt00914,113 18'16.54"E,23 6'39.48"N,15.1,2019.9.17 10:43:04,,默认图标模式
TrackPt00915,113 18'16.95"E,23 6'39.40"N,15.6,2019.9.17 10:43:05,,默认图标模式
TrackPt00916,113 18'17.37"E,23 6'39.33"N,15.9,2019.9.17 10:43:06,,默认图标模式
TrackPt00917,113 18'17.75"E,23 6'39.27"N,14.7,2019.9.17 10:43:07,,默认图标模式
TrackPt00918,113 18'18.44"E,23 6'39.14"N,14.7,2019.9.17 10:43:09,,默认图标模式
TrackPt00919,113 18'19.19"E,23 6'39.12"N,10.8,2019.9.17 10:43:12,,默认图标模式
TrackPt00920,113 18'19.57"E,23 6'39.46"N,6.8,2019.9.17 10:43:15,,默认图标模式
TrackPt00921,113 18'19.74"E,23 6'39.89"N,7.7,2019.9.17 10:43:17,,默认图标模式
TrackPt00922,113 18'19.81"E,23 6'40.17"N,8.2,2019.9.17 10:43:18,,默认图标模式
TrackPt00923,113 18'19.89"E,23 6'40.47"N,8.2,2019.9.17 10:43:19,,默认图标模式
TrackPt00924,113 18'19.98"E,23 6'40.80"N,8.7,2019.9.17 10:43:20,,默认图标模式
TrackPt00925,113 18'20.07"E,23 6'41.15"N,8.1,2019.9.17 10:43:21,,默认图标模式
TrackPt00926,113 18'20.15"E,23 6'41.52"N,8.4,2019.9.17 10:43:22,,默认图标模式
TrackPt00927,113 18'20.23"E,23 6'41.89"N,8.4,2019.9.17 10:43:23,,默认图标模式
TrackPt00928,113 18'20.31"E,23 6'42.27"N,8.3,2019.9.17 10:43:24,,默认图标模式
TrackPt00929,113 18'20.38"E,23 6'42.60"N,8.5,2019.9.17 10:43:25,,默认图标模式
TrackPt00930,113 18'20.48"E,23 6'43.14"N,10.6,2019.9.17 10:43:28,,默认图标模式
TrackPt00931,113 18'20.53"E,23 6'43.21"N,11.2,2019.9.17 10:43:58,,默认图标模式
TrackPt00932,113 18'20.67"E,23 6'43.46"N,12.1,2019.9.17 10:44:01,,默认图标模式
TrackPt00933,113 18'20.95"E,23 6'43.68"N,12.1,2019.9.17 10:44:03,,默认图标模式
TrackPt00934,113 18'22.32"E,23 6'43.71"N,11.8,2019.9.17 10:44:08,,默认图标模式
TrackPt00935,113 18'22.70"E,23 6'43.65"N,11.8,2019.9.17 10:44:09,,默认图标模式
TrackPt00936,113 18'23.09"E,23 6'43.59"N,12,2019.9.17 10:44:10,,默认图标模式
TrackPt00937,113 18'23.50"E,23 6'43.53"N,12.1,2019.9.17 10:44:11,,默认图标模式
TrackPt00938,113 18'23.92"E,23 6'43.47"N,12.5,2019.9.17 10:44:12,,默认图标模式
TrackPt00939,113 18'24.35"E,23 6'43.40"N,12.1,2019.9.17 10:44:13,,默认图标模式
TrackPt00940,113 18'24.79"E,23 6'43.32"N,12,2019.9.17 10:44:14,,默认图标模式
TrackPt00941,113 18'26.99"E,23 6'42.97"N,11.1,2019.9.17 10:44:19,,默认图标模式
TrackPt00942,113 18'27.44"E,23 6'42.91"N,11.1,2019.9.17 10:44:20,,默认图标模式
TrackPt00943,113 18'27.89"E,23 6'42.86"N,10.7,2019.9.17 10:44:21,,默认图标模式
TrackPt00944,113 18'28.80"E,23 6'42.79"N,9.7,2019.9.17 10:44:23,,默认图标模式
TrackPt00945,113 18'29.70"E,23 6'42.76"N,10.4,2019.9.17 10:44:25,,默认图标模式
TrackPt00946,113 18'30.13"E,23 6'42.76"N,10.4,2019.9.17 10:44:26,,默认图标模式
TrackPt00947,113 18'30.54"E,23 6'42.76"N,11.3,2019.9.17 10:44:27,,默认图标模式
TrackPt00948,113 18'30.97"E,23 6'42.78"N,11.3,2019.9.17 10:44:28,,默认图标模式
TrackPt00949,113 18'31.40"E,23 6'42.80"N,10.7,2019.9.17 10:44:29,,默认图标模式
TrackPt00950,113 18'31.87"E,23 6'42.85"N,10.6,2019.9.17 10:44:30,,默认图标模式
TrackPt00951,113 18'32.36"E,23 6'42.90"N,9.8,2019.9.17 10:44:31,,默认图标模式
TrackPt00952,113 18'32.85"E,23 6'42.96"N,9.8,2019.9.17 10:44:32,,默认图标模式
TrackPt00953,113 18'33.33"E,23 6'43.01"N,8.9,2019.9.17 10:44:33,,默认图标模式
TrackPt00954,113 18'33.79"E,23 6'43.06"N,8.9,2019.9.17 10:44:34,,默认图标模式
TrackPt00955,113 18'34.24"E,23 6'43.11"N,8.5,2019.9.17 10:44:35,,默认图标模式
TrackPt00956,113 18'34.67"E,23 6'43.16"N,8.1,2019.9.17 10:44:36,,默认图标模式
TrackPt00957,113 18'35.07"E,23 6'43.21"N,7.6,2019.9.17 10:44:37,,默认图标模式
TrackPt00958,113 18'35.47"E,23 6'43.30"N,7.6,2019.9.17 10:44:38,,默认图标模式
TrackPt00959,113 18'35.82"E,23 6'43.40"N,7.5,2019.9.17 10:44:39,,默认图标模式
TrackPt00960,113 18'36.34"E,23 6'43.38"N,5,2019.9.17 10:44:42,,默认图标模式
TrackPt00961,113 18'36.80"E,23 6'43.49"N,6.8,2019.9.17 10:44:43,,默认图标模式
TrackPt00962,113 18'37.27"E,23 6'43.59"N,6.8,2019.9.17 10:44:44,,默认图标模式
TrackPt00963,113 18'37.66"E,23 6'43.69"N,6.6,2019.9.17 10:44:45,,默认图标模式
TrackPt00964,113 18'38.06"E,23 6'43.81"N,6,2019.9.17 10:44:46,,默认图标模式
TrackPt00965,113 18'38.40"E,23 6'43.95"N,3.5,2019.9.17 10:44:47,,默认图标模式
TrackPt00966,113 18'38.71"E,23 6'44.14"N,3.6,2019.9.17 10:44:48,,默认图标模式
TrackPt00967,113 18'38.97"E,23 6'44.37"N,3,2019.9.17 10:44:49,,默认图标模式
TrackPt00968,113 18'39.19"E,23 6'44.63"N,3,2019.9.17 10:44:50,,默认图标模式
TrackPt00969,113 18'39.38"E,23 6'44.92"N,3.1,2019.9.17 10:44:51,,默认图标模式
TrackPt00970,113 18'39.50"E,23 6'45.22"N,3.9,2019.9.17 10:44:52,,默认图标模式
TrackPt00971,113 18'39.56"E,23 6'45.54"N,3.9,2019.9.17 10:44:53,,默认图标模式
TrackPt00972,113 18'39.56"E,23 6'45.86"N,4.6,2019.9.17 10:44:54,,默认图标模式
TrackPt00973,113 18'39.50"E,23 6'46.18"N,5,2019.9.17 10:44:55,,默认图标模式
TrackPt00974,113 18'39.38"E,23 6'46.48"N,5.2,2019.9.17 10:44:56,,默认图标模式
TrackPt00975,113 18'39.21"E,23 6'46.76"N,6.1,2019.9.17 10:44:57,,默认图标模式
TrackPt00976,113 18'39.00"E,23 6'47.01"N,6.1,2019.9.17 10:44:58,,默认图标模式
TrackPt00977,113 18'38.75"E,23 6'47.25"N,6,2019.9.17 10:44:59,,默认图标模式
TrackPt00978,113 18'38.49"E,23 6'47.48"N,6.1,2019.9.17 10:45:00,,默认图标模式
TrackPt00979,113 18'38.21"E,23 6'47.69"N,6.1,2019.9.17 10:45:01,,默认图标模式
TrackPt00980,113 18'37.93"E,23 6'47.90"N,6.2,2019.9.17 10:45:02,,默认图标模式
TrackPt00981,113 18'37.66"E,23 6'48.11"N,6.2,2019.9.17 10:45:03,,默认图标模式
TrackPt00982,113 18'37.40"E,23 6'48.33"N,6.2,2019.9.17 10:45:04,,默认图标模式
TrackPt00983,113 18'37.16"E,23 6'48.56"N,6.2,2019.9.17 10:45:05,,默认图标模式
TrackPt00984,113 18'36.93"E,23 6'48.82"N,6,2019.9.17 10:45:06,,默认图标模式
TrackPt00985,113 18'36.75"E,23 6'49.10"N,5.8,2019.9.17 10:45:07,,默认图标模式
TrackPt00986,113 18'36.58"E,23 6'49.39"N,5.4,2019.9.17 10:45:08,,默认图标模式
TrackPt00987,113 18'36.47"E,23 6'49.71"N,5.6,2019.9.17 10:45:09,,默认图标模式
TrackPt00988,113 18'36.39"E,23 6'50.02"N,5.4,2019.9.17 10:45:10,,默认图标模式
TrackPt00989,113 18'36.32"E,23 6'50.34"N,5.5,2019.9.17 10:45:11,,默认图标模式
TrackPt00990,113 18'36.26"E,23 6'50.68"N,5.8,2019.9.17 10:45:12,,默认图标模式
TrackPt00991,113 18'36.22"E,23 6'51.02"N,6,2019.9.17 10:45:13,,默认图标模式
TrackPt00992,113 18'36.19"E,23 6'51.39"N,6.3,2019.9.17 10:45:14,,默认图标模式
TrackPt00993,113 18'36.16"E,23 6'51.78"N,6.7,2019.9.17 10:45:15,,默认图标模式
TrackPt00994,113 18'36.14"E,23 6'52.19"N,6.7,2019.9.17 10:45:16,,默认图标模式
TrackPt00995,113 18'36.12"E,23 6'52.61"N,6.9,2019.9.17 10:45:17,,默认图标模式
TrackPt00996,113 18'36.10"E,23 6'53.05"N,6.9,2019.9.17 10:45:18,,默认图标模式
TrackPt00997,113 18'36.07"E,23 6'53.51"N,6.9,2019.9.17 10:45:19,,默认图标模式
TrackPt00998,113 18'36.04"E,23 6'53.97"N,7.2,2019.9.17 10:45:20,,默认图标模式
TrackPt00999,113 18'36.01"E,23 6'54.44"N,7.2,2019.9.17 10:45:21,,默认图标模式
TrackPt01000,113 18'35.99"E,23 6'54.92"N,7.3,2019.9.17 10:45:22,,默认图标模式
TrackPt01001,113 18'35.98"E,23 6'55.40"N,7.4,2019.9.17 10:45:23,,默认图标模式
TrackPt01002,113 18'35.97"E,23 6'55.89"N,7.4,2019.9.17 10:45:24,,默认图标模式
TrackPt01003,113 18'35.96"E,23 6'56.37"N,7.4,2019.9.17 10:45:25,,默认图标模式
TrackPt01004,113 18'35.96"E,23 6'56.85"N,7.3,2019.9.17 10:45:26,,默认图标模式
TrackPt01005,113 18'35.95"E,23 6'57.33"N,7.2,2019.9.17 10:45:27,,默认图标模式
TrackPt01006,113 18'35.95"E,23 6'57.79"N,7,2019.9.17 10:45:28,,默认图标模式
TrackPt01007,113 18'35.94"E,23 6'58.23"N,7.1,2019.9.17 10:45:29,,默认图标模式
TrackPt01008,113 18'35.94"E,23 6'58.62"N,7.1,2019.9.17 10:45:30,,默认图标模式
TrackPt01009,113 18'35.94"E,23 6'58.95"N,6.7,2019.9.17 10:45:31,,默认图标模式
TrackPt01010,113 18'35.94"E,23 6'59.25"N,6.8,2019.9.17 10:45:32,,默认图标模式
TrackPt01011,113 18'35.94"E,23 6'59.90"N,6.8,2019.9.17 10:45:35,,默认图标模式
TrackPt01012,113 18'35.93"E,23 7'0.43"N,6.6,2019.9.17 10:45:38,,默认图标模式
TrackPt01013,113 18'35.92"E,23 7'1.04"N,6.6,2019.9.17 10:45:41,,默认图标模式
TrackPt01014,113 18'35.91"E,23 7'1.63"N,6.6,2019.9.17 10:45:44,,默认图标模式
TrackPt01015,113 18'35.91"E,23 7'2.31"N,6.3,2019.9.17 10:45:47,,默认图标模式
TrackPt01016,113 18'35.95"E,23 7'2.86"N,4.8,2019.9.17 10:45:49,,默认图标模式
TrackPt01017,113 18'35.98"E,23 7'3.15"N,4.7,2019.9.17 10:45:50,,默认图标模式
TrackPt01018,113 18'36.01"E,23 7'3.48"N,4.4,2019.9.17 10:45:51,,默认图标模式
TrackPt01019,113 18'36.03"E,23 7'3.83"N,4.5,2019.9.17 10:45:52,,默认图标模式
TrackPt01020,113 18'36.04"E,23 7'4.19"N,4.5,2019.9.17 10:45:53,,默认图标模式
TrackPt01021,113 18'36.06"E,23 7'4.54"N,3.7,2019.9.17 10:45:54,,默认图标模式
TrackPt01022,113 18'36.06"E,23 7'4.88"N,3.7,2019.9.17 10:45:55,,默认图标模式
TrackPt01023,113 18'36.06"E,23 7'5.20"N,3.2,2019.9.17 10:45:56,,默认图标模式
TrackPt01024,113 18'36.06"E,23 7'5.51"N,2.7,2019.9.17 10:45:57,,默认图标模式
TrackPt01025,113 18'36.05"E,23 7'5.79"N,2.3,2019.9.17 10:45:58,,默认图标模式
TrackPt01026,113 18'36.03"E,23 7'6.32"N,2.2,2019.9.17 10:46:00,,默认图标模式
TrackPt01027,113 18'36.00"E,23 7'6.59"N,2.8,2019.9.17 10:46:01,,默认图标模式
TrackPt01028,113 18'35.99"E,23 7'6.87"N,2.8,2019.9.17 10:46:02,,默认图标模式
TrackPt01029,113 18'35.97"E,23 7'7.16"N,3,2019.9.17 10:46:03,,默认图标模式
TrackPt01030,113 18'35.96"E,23 7'7.44"N,3.1,2019.9.17 10:46:04,,默认图标模式
TrackPt01031,113 18'35.94"E,23 7'7.73"N,3.6,2019.9.17 10:46:05,,默认图标模式
TrackPt01032,113 18'35.92"E,23 7'8.02"N,3.6,2019.9.17 10:46:06,,默认图标模式
TrackPt01033,113 18'35.91"E,23 7'8.31"N,3.8,2019.9.17 10:46:07,,默认图标模式
TrackPt01034,113 18'35.91"E,23 7'8.60"N,4.6,2019.9.17 10:46:08,,默认图标模式
TrackPt01035,113 18'35.93"E,23 7'8.91"N,4.9,2019.9.17 10:46:09,,默认图标模式
TrackPt01036,113 18'35.96"E,23 7'9.23"N,5.3,2019.9.17 10:46:10,,默认图标模式
TrackPt01037,113 18'35.99"E,23 7'9.57"N,5.2,2019.9.17 10:46:11,,默认图标模式
TrackPt01038,113 18'36.01"E,23 7'9.92"N,4.2,2019.9.17 10:46:12,,默认图标模式
TrackPt01039,113 18'36.04"E,23 7'10.27"N,4.3,2019.9.17 10:46:13,,默认图标模式
TrackPt01040,113 18'36.09"E,23 7'10.99"N,3,2019.9.17 10:46:15,,默认图标模式
TrackPt01041,113 18'36.10"E,23 7'11.34"N,3,2019.9.17 10:46:16,,默认图标模式
TrackPt01042,113 18'36.10"E,23 7'11.68"N,2.4,2019.9.17 10:46:17,,默认图标模式
TrackPt01043,113 18'36.10"E,23 7'12.04"N,2.1,2019.9.17 10:46:18,,默认图标模式
TrackPt01044,113 18'36.10"E,23 7'12.40"N,1.6,2019.9.17 10:46:19,,默认图标模式
TrackPt01045,113 18'36.10"E,23 7'12.73"N,2,2019.9.17 10:46:20,,默认图标模式
TrackPt01046,113 18'36.10"E,23 7'13.05"N,1.9,2019.9.17 10:46:21,,默认图标模式
TrackPt01047,113 18'36.11"E,23 7'13.36"N,2.9,2019.9.17 10:46:22,,默认图标模式
TrackPt01048,113 18'36.11"E,23 7'13.64"N,3.1,2019.9.17 10:46:23,,默认图标模式
TrackPt01049,113 18'36.14"E,23 7'14.42"N,2.9,2019.9.17 10:46:26,,默认图标模式
TrackPt01050,113 18'36.16"E,23 7'15.11"N,3.6,2019.9.17 10:46:29,,默认图标模式
TrackPt01051,113 18'36.19"E,23 7'15.82"N,3.2,2019.9.17 10:46:32,,默认图标模式
TrackPt01052,113 18'36.22"E,23 7'16.09"N,2.9,2019.9.17 10:46:33,,默认图标模式
TrackPt01053,113 18'36.26"E,23 7'16.36"N,2,2019.9.17 10:46:34,,默认图标模式
TrackPt01054,113 18'36.23"E,23 7'16.91"N,2.1,2019.9.17 10:46:36,,默认图标模式
TrackPt01055,113 18'36.22"E,23 7'17.20"N,2.5,2019.9.17 10:46:37,,默认图标模式
TrackPt01056,113 18'36.22"E,23 7'17.48"N,2.6,2019.9.17 10:46:38,,默认图标模式
TrackPt01057,113 18'36.19"E,23 7'18.22"N,4.2,2019.9.17 10:46:41,,默认图标模式
TrackPt01058,113 18'36.20"E,23 7'18.85"N,4.3,2019.9.17 10:46:44,,默认图标模式
TrackPt01059,113 18'36.27"E,23 7'19.45"N,4.3,2019.9.17 10:46:47,,默认图标模式
TrackPt01060,113 18'36.49"E,23 7'19.88"N,7.1,2019.9.17 10:46:50,,默认图标模式
TrackPt01061,113 18'36.90"E,23 7'19.97"N,7,2019.9.17 10:46:53,,默认图标模式
TrackPt01062,113 18'37.47"E,23 7'19.98"N,5,2019.9.17 10:46:56,,默认图标模式
TrackPt01063,113 18'38.18"E,23 7'19.93"N,4.8,2019.9.17 10:46:59,,默认图标模式
TrackPt01064,113 18'38.95"E,23 7'19.91"N,4,2019.9.17 10:47:02,,默认图标模式
TrackPt01065,113 18'39.78"E,23 7'19.78"N,5.4,2019.9.17 10:47:05,,默认图标模式
TrackPt01066,113 18'40.09"E,23 7'19.76"N,5.8,2019.9.17 10:47:06,,默认图标模式
TrackPt01067,113 18'40.85"E,23 7'19.69"N,5.8,2019.9.17 10:47:09,,默认图标模式
TrackPt01068,113 18'41.84"E,23 7'19.62"N,4.1,2019.9.17 10:47:13,,默认图标模式
TrackPt01069,113 18'42.37"E,23 7'19.49"N,4,2019.9.17 10:47:16,,默认图标模式
TrackPt01070,113 18'42.87"E,23 7'19.47"N,4.8,2019.9.17 10:47:19,,默认图标模式
TrackPt01071,113 18'43.28"E,23 7'19.44"N,5,2019.9.17 10:47:22,,默认图标模式
TrackPt01072,113 18'43.71"E,23 7'19.38"N,7.6,2019.9.17 10:47:25,,默认图标模式
TrackPt01073,113 18'44.28"E,23 7'19.40"N,9.1,2019.9.17 10:47:30,,默认图标模式
TrackPt01074,113 18'44.76"E,23 7'19.35"N,10,2019.9.17 10:47:35,,默认图标模式
TrackPt01075,113 18'45.25"E,23 7'19.27"N,12.2,2019.9.17 10:47:38,,默认图标模式
TrackPt01076,113 18'45.97"E,23 7'19.23"N,11.8,2019.9.17 10:47:41,,默认图标模式
TrackPt01077,113 18'46.65"E,23 7'19.21"N,9.8,2019.9.17 10:47:44,,默认图标模式
TrackPt01078,113 18'47.31"E,23 7'19.23"N,11,2019.9.17 10:47:47,,默认图标模式
TrackPt01079,113 18'47.85"E,23 7'19.20"N,10.9,2019.9.17 10:47:50,,默认图标模式
TrackPt01080,113 18'48.39"E,23 7'19.01"N,10.9,2019.9.17 10:47:55,,默认图标模式
TrackPt01081,113 18'48.44"E,23 7'18.99"N,10.3,2019.9.17 10:48:01,,默认图标模式
TrackPt01082,113 18'48.51"E,23 7'18.98"N,12.3,2019.9.17 10:48:06,,默认图标模式
TrackPt01083,113 18'49.18"E,23 7'18.83"N,11.1,2019.9.17 10:48:11,,默认图标模式
TrackPt01084,113 18'49.74"E,23 7'18.68"N,12,2019.9.17 10:48:14,,默认图标模式
TrackPt01085,113 18'50.18"E,23 7'18.60"N,12,2019.9.17 10:48:17,,默认图标模式
TrackPt01086,113 18'50.53"E,23 7'18.72"N,16.4,2019.9.17 10:48:32,,默认图标模式
TrackPt01087,113 18'50.80"E,23 7'18.93"N,21.5,2019.9.17 10:48:44,,默认图标模式
TrackPt01088,113 18'50.59"E,23 7'18.85"N,11.5,2019.9.17 10:49:08,,默认图标模式
TrackPt01089,113 18'50.71"E,23 7'19.18"N,6.2,2019.9.17 10:49:50,,默认图标模式
TrackPt01090,113 18'50.86"E,23 7'19.37"N,10.2,2019.9.17 10:50:16,,默认图标模式
TrackPt01091,113 18'50.98"E,23 7'19.38"N,10.7,2019.9.17 10:50:21,,默认图标模式
TrackPt01092,113 18'51.10"E,23 7'19.63"N,13,2019.9.17 10:50:31,,默认图标模式
TrackPt01093,113 18'50.94"E,23 7'19.87"N,13.7,2019.9.17 10:50:36,,默认图标模式
TrackPt01094,113 18'50.91"E,23 7'20.13"N,14.2,2019.9.17 10:50:41,,默认图标模式
TrackPt01095,113 18'51.02"E,23 7'20.59"N,15,2019.9.17 10:50:46,,默认图标模式
TrackPt01096,113 18'51.13"E,23 7'20.46"N,15.3,2019.9.17 10:50:51,,默认图标模式
TrackPt01097,113 18'51.10"E,23 7'20.58"N,16.5,2019.9.17 10:50:56,,默认图标模式
TrackPt01098,113 18'50.27"E,23 7'19.76"N,17.3,2019.9.17 10:51:01,,默认图标模式
TrackPt01099,113 18'50.22"E,23 7'19.37"N,17.9,2019.9.17 10:51:06,,默认图标模式
TrackPt01100,113 18'50.03"E,23 7'18.99"N,18.6,2019.9.17 10:51:11,,默认图标模式
TrackPt01101,113 18'50.12"E,23 7'18.55"N,19.3,2019.9.17 10:51:16,,默认图标模式
TrackPt01102,113 18'50.12"E,23 7'17.75"N,18.8,2019.9.17 10:51:21,,默认图标模式
TrackPt01103,113 18'49.90"E,23 7'17.49"N,16.1,2019.9.17 10:51:26,,默认图标模式
TrackPt01104,113 18'50.18"E,23 7'17.36"N,16.4,2019.9.17 10:51:31,,默认图标模式
TrackPt01105,113 18'50.09"E,23 7'16.90"N,16.8,2019.9.17 10:51:36,,默认图标模式
TrackPt01106,113 18'50.04"E,23 7'16.97"N,16.7,2019.9.17 10:51:41,,默认图标模式
TrackPt01107,113 18'50.70"E,23 7'17.16"N,16,2019.9.17 10:51:46,,默认图标模式
TrackPt01108,113 18'51.22"E,23 7'16.65"N,15.1,2019.9.17 10:51:51,,默认图标模式
TrackPt01109,113 18'51.59"E,23 7'15.16"N,14.6,2019.9.17 10:51:54,,默认图标模式
TrackPt01110,113 18'51.69"E,23 7'14.84"N,13.8,2019.9.17 10:51:57,,默认图标模式
TrackPt01111,113 18'51.86"E,23 7'14.68"N,12.9,2019.9.17 10:52:00,,默认图标模式
TrackPt01112,113 18'51.99"E,23 7'14.23"N,12.1,2019.9.17 10:52:05,,默认图标模式
TrackPt01113,113 18'52.68"E,23 7'14.04"N,12.4,2019.9.17 10:52:09,,默认图标模式
TrackPt01114,113 18'53.05"E,23 7'14.06"N,13.4,2019.9.17 10:52:12,,默认图标模式
TrackPt01115,113 18'53.61"E,23 7'14.03"N,13.6,2019.9.17 10:52:15,,默认图标模式
TrackPt01116,113 18'54.15"E,23 7'13.96"N,12.6,2019.9.17 10:52:18,,默认图标模式
